sample_index,timestamp_iso,elapsed_seconds,freq_hz,duty_percent,raw_response
1,2026-04-19T13:47:54.371997+08:00,0.185,19997,75.0,> cmd_pwm_measure2_read: 19997Hz 75.0%
2,2026-04-19T13:47:55.355374+08:00,1.168,19997,75.0,> cmd_pwm_measure2_read: 19997Hz 75.0%
3,2026-04-19T13:47:56.355431+08:00,2.168,19997,75.0,> cmd_pwm_measure2_read: 19997Hz 75.0%
4,2026-04-19T13:47:57.352198+08:00,3.165,19997,75.0,> cmd_pwm_measure2_read: 19997Hz 75.0%
5,2026-04-19T13:47:58.355406+08:00,4.168,19997,75.0,> cmd_pwm_measure2_read: 19997Hz 75.0%
6,2026-04-19T13:47:59.351125+08:00,5.163,19997,75.0,> cmd_pwm_measure2_read: 19997Hz 75.0%
7,2026-04-19T13:48:00.355413+08:00,6.168,19997,75.0,> cmd_pwm_measure2_read: 19997Hz 75.0%
8,2026-04-19T13:48:01.355410+08:00,7.168,19997,75.0,> cmd_pwm_measure2_read: 19997Hz 75.0%
9,2026-04-19T13:48:02.350910+08:00,8.164,19997,75.0,> cmd_pwm_measure2_read: 19997Hz 75.0%
10,2026-04-19T13:48:03.354261+08:00,9.167,19997,75.0,> cmd_pwm_measure2_read: 19997Hz 75.0%
11,2026-04-19T13:48:04.355497+08:00,10.168,19997,75.0,> cmd_pwm_measure2_read: 19997Hz 75.0%
12,2026-04-19T13:48:05.355442+08:00,11.168,19997,75.0,> cmd_pwm_measure2_read: 19997Hz 75.0%
13,2026-04-19T13:48:06.353679+08:00,12.167,19997,75.0,> cmd_pwm_measure2_read: 19997Hz 75.0%
14,2026-04-19T13:48:07.350746+08:00,13.164,19997,75.0,> cmd_pwm_measure2_read: 19997Hz 75.0%
15,2026-04-19T13:48:08.354608+08:00,14.168,19997,75.0,> cmd_pwm_measure2_read: 19997Hz 75.0%
16,2026-04-19T13:48:09.351581+08:00,15.164,19997,75.0,> cmd_pwm_measure2_read: 19997Hz 75.0%
17,2026-04-19T13:48:10.355475+08:00,16.167,19997,75.0,> cmd_pwm_measure2_read: 19997Hz 75.0%
18,2026-04-19T13:48:11.355493+08:00,17.168,19997,75.0,> cmd_pwm_measure2_read: 19997Hz 75.0%
19,2026-04-19T13:48:12.351458+08:00,18.164,19997,75.0,> cmd_pwm_measure2_read: 19997Hz 75.0%
20,2026-04-19T13:48:13.353299+08:00,19.166,19997,75.0,> cmd_pwm_measure2_read: 19997Hz 75.0%
21,2026-04-19T13:48:14.352433+08:00,20.165,19997,75.0,> cmd_pwm_measure2_read: 19997Hz 75.0%
22,2026-04-19T13:48:15.353509+08:00,21.165,19997,75.0,> cmd_pwm_measure2_read: 19997Hz 75.0%
23,2026-04-19T13:48:16.352302+08:00,22.165,19997,75.0,> cmd_pwm_measure2_read: 19997Hz 75.0%
24,2026-04-19T13:48:17.355502+08:00,23.168,19997,75.0,> cmd_pwm_measure2_read: 19997Hz 75.0%
25,2026-04-19T13:48:18.352756+08:00,24.165,19997,75.0,> cmd_pwm_measure2_read: 19997Hz 75.0%
26,2026-04-19T13:48:19.355514+08:00,25.168,19997,75.0,> cmd_pwm_measure2_read: 19997Hz 75.0%
27,2026-04-19T13:48:20.354852+08:00,26.168,19997,75.0,> cmd_pwm_measure2_read: 19997Hz 75.0%
28,2026-04-19T13:48:21.351903+08:00,27.163,19997,75.0,> cmd_pwm_measure2_read: 19997Hz 75.0%
29,2026-04-19T13:48:22.350526+08:00,28.164,19997,75.0,> cmd_pwm_measure2_read: 19997Hz 75.0%
30,2026-04-19T13:48:23.355024+08:00,29.167,19997,75.0,> cmd_pwm_measure2_read: 19997Hz 75.0%
31,2026-04-19T13:48:24.351975+08:00,30.164,19997,75.0,> cmd_pwm_measure2_read: 19997Hz 75.0%
32,2026-04-19T13:48:25.354129+08:00,31.167,19997,75.0,> cmd_pwm_measure2_read: 19997Hz 75.0%
33,2026-04-19T13:48:26.352142+08:00,32.164,19997,75.0,> cmd_pwm_measure2_read: 19997Hz 75.0%
34,2026-04-19T13:48:27.352209+08:00,33.164,19997,75.0,> cmd_pwm_measure2_read: 19997Hz 75.0%
35,2026-04-19T13:48:28.352842+08:00,34.165,19997,75.0,> cmd_pwm_measure2_read: 19997Hz 75.0%
36,2026-04-19T13:48:29.353070+08:00,35.165,19997,75.0,> cmd_pwm_measure2_read: 19997Hz 75.0%
37,2026-04-19T13:48:30.351264+08:00,36.163,19997,75.0,> cmd_pwm_measure2_read: 19997Hz 75.0%
38,2026-04-19T13:48:31.352892+08:00,37.165,19997,75.0,> cmd_pwm_measure2_read: 19997Hz 75.0%
39,2026-04-19T13:48:32.355588+08:00,38.167,19997,75.0,> cmd_pwm_measure2_read: 19997Hz 75.0%
40,2026-04-19T13:48:33.352911+08:00,39.166,19997,75.0,> cmd_pwm_measure2_read: 19997Hz 75.0%
41,2026-04-19T13:48:34.354502+08:00,40.167,19997,75.0,> cmd_pwm_measure2_read: 19997Hz 75.0%
42,2026-04-19T13:48:35.352042+08:00,41.165,19997,75.0,> cmd_pwm_measure2_read: 19997Hz 75.0%
43,2026-04-19T13:48:36.352473+08:00,42.165,19997,75.0,> cmd_pwm_measure2_read: 19997Hz 75.0%
44,2026-04-19T13:48:37.351206+08:00,43.164,19997,75.0,> cmd_pwm_measure2_read: 19997Hz 75.0%
45,2026-04-19T13:48:38.354537+08:00,44.167,19997,75.0,> cmd_pwm_measure2_read: 19997Hz 75.0%
46,2026-04-19T13:48:39.350823+08:00,45.164,19997,75.0,> cmd_pwm_measure2_read: 19997Hz 75.0%
47,2026-04-19T13:48:40.354607+08:00,46.166,19997,75.0,> cmd_pwm_measure2_read: 19997Hz 75.0%
48,2026-04-19T13:48:41.354284+08:00,47.168,19997,75.0,> cmd_pwm_measure2_read: 19997Hz 75.0%
49,2026-04-19T13:48:42.355220+08:00,48.167,19997,75.0,> cmd_pwm_measure2_read: 19997Hz 75.0%
50,2026-04-19T13:48:43.353400+08:00,49.164,19997,75.0,> cmd_pwm_measure2_read: 19997Hz 75.0%
51,2026-04-19T13:48:44.353403+08:00,50.165,19997,75.0,> cmd_pwm_measure2_read: 19997Hz 75.0%
52,2026-04-19T13:48:45.351635+08:00,51.164,19997,75.0,> cmd_pwm_measure2_read: 19997Hz 75.0%
53,2026-04-19T13:48:46.355657+08:00,52.168,19997,75.0,> cmd_pwm_measure2_read: 19997Hz 75.0%
54,2026-04-19T13:48:47.353420+08:00,53.165,19997,75.0,> cmd_pwm_measure2_read: 19997Hz 75.0%
55,2026-04-19T13:48:48.352314+08:00,54.164,19997,75.0,> cmd_pwm_measure2_read: 19997Hz 75.0%
56,2026-04-19T13:48:49.355691+08:00,55.167,19997,75.0,> cmd_pwm_measure2_read: 19997Hz 75.0%
57,2026-04-19T13:48:50.354388+08:00,56.167,19997,75.0,> cmd_pwm_measure2_read: 19997Hz 75.0%
58,2026-04-19T13:48:51.351859+08:00,57.164,19997,75.0,> cmd_pwm_measure2_read: 19997Hz 75.0%
59,2026-04-19T13:48:52.355012+08:00,58.167,19997,75.0,> cmd_pwm_measure2_read: 19997Hz 75.0%
60,2026-04-19T13:48:53.353075+08:00,59.165,19997,75.0,> cmd_pwm_measure2_read: 19997Hz 75.0%
61,2026-04-19T13:48:54.355707+08:00,60.168,19997,75.0,> cmd_pwm_measure2_read: 19997Hz 75.0%
62,2026-04-19T13:48:55.353281+08:00,61.166,19997,75.0,> cmd_pwm_measure2_read: 19997Hz 75.0%
63,2026-04-19T13:48:56.355722+08:00,62.169,19997,75.0,> cmd_pwm_measure2_read: 19997Hz 75.0%
64,2026-04-19T13:48:57.352000+08:00,63.165,19997,75.0,> cmd_pwm_measure2_read: 19997Hz 75.0%
65,2026-04-19T13:48:58.352791+08:00,64.166,19997,75.0,> cmd_pwm_measure2_read: 19997Hz 75.0%
66,2026-04-19T13:48:59.351799+08:00,65.164,19997,75.0,> cmd_pwm_measure2_read: 19997Hz 75.0%
67,2026-04-19T13:49:00.352703+08:00,66.163,19997,75.0,> cmd_pwm_measure2_read: 19997Hz 75.0%
68,2026-04-19T13:49:01.353430+08:00,67.165,19997,75.0,> cmd_pwm_measure2_read: 19997Hz 75.0%
69,2026-04-19T13:49:02.352666+08:00,68.165,19997,75.0,> cmd_pwm_measure2_read: 19997Hz 75.0%
70,2026-04-19T13:49:03.353525+08:00,69.166,19997,75.0,> cmd_pwm_measure2_read: 19997Hz 75.0%
71,2026-04-19T13:49:04.353765+08:00,70.166,19997,75.0,> cmd_pwm_measure2_read: 19997Hz 75.0%
72,2026-04-19T13:49:05.353542+08:00,71.165,19997,75.0,> cmd_pwm_measure2_read: 19997Hz 75.0%
73,2026-04-19T13:49:06.354310+08:00,72.166,19997,75.0,> cmd_pwm_measure2_read: 19997Hz 75.0%
74,2026-04-19T13:49:07.351882+08:00,73.164,19997,75.0,> cmd_pwm_measure2_read: 19997Hz 75.0%
75,2026-04-19T13:49:08.354372+08:00,74.167,19997,75.0,> cmd_pwm_measure2_read: 19997Hz 75.0%
76,2026-04-19T13:49:09.351263+08:00,75.164,19997,75.0,> cmd_pwm_measure2_read: 19997Hz 75.0%
77,2026-04-19T13:49:10.355563+08:00,76.168,19997,75.0,> cmd_pwm_measure2_read: 19997Hz 75.0%
78,2026-04-19T13:49:11.355198+08:00,77.167,19997,75.0,> cmd_pwm_measure2_read: 19997Hz 75.0%
79,2026-04-19T13:49:12.351753+08:00,78.164,19997,75.0,> cmd_pwm_measure2_read: 19997Hz 75.0%
80,2026-04-19T13:49:13.353047+08:00,79.166,19997,75.0,> cmd_pwm_measure2_read: 19997Hz 75.0%
81,2026-04-19T13:49:14.353736+08:00,80.166,19997,75.0,> cmd_pwm_measure2_read: 19997Hz 75.0%
82,2026-04-19T13:49:15.353055+08:00,81.165,19997,75.0,> cmd_pwm_measure2_read: 19997Hz 75.0%
83,2026-04-19T13:49:16.355832+08:00,82.168,19997,75.0,> cmd_pwm_measure2_read: 19997Hz 75.0%
84,2026-04-19T13:49:17.353018+08:00,83.166,19997,75.0,> cmd_pwm_measure2_read: 19997Hz 75.0%
85,2026-04-19T13:49:18.355260+08:00,84.167,19997,75.0,> cmd_pwm_measure2_read: 19997Hz 75.0%
86,2026-04-19T13:49:19.355896+08:00,85.168,19997,75.0,> cmd_pwm_measure2_read: 19997Hz 75.0%
87,2026-04-19T13:49:20.353068+08:00,86.165,19997,75.0,> cmd_pwm_measure2_read: 19997Hz 75.0%
88,2026-04-19T13:49:21.351668+08:00,87.164,19997,75.0,> cmd_pwm_measure2_read: 19997Hz 75.0%
89,2026-04-19T13:49:22.352732+08:00,88.164,19997,75.0,> cmd_pwm_measure2_read: 19997Hz 75.0%
90,2026-04-19T13:49:23.351174+08:00,89.163,19997,75.0,> cmd_pwm_measure2_read: 19997Hz 75.0%
91,2026-04-19T13:49:24.353101+08:00,90.165,19997,75.0,> cmd_pwm_measure2_read: 19997Hz 75.0%
92,2026-04-19T13:49:25.355860+08:00,91.168,19997,75.0,> cmd_pwm_measure2_read: 19997Hz 75.0%
93,2026-04-19T13:49:26.355866+08:00,92.168,19997,75.0,> cmd_pwm_measure2_read: 19997Hz 75.0%
94,2026-04-19T13:49:27.353079+08:00,93.165,19997,75.0,> cmd_pwm_measure2_read: 19997Hz 75.0%
95,2026-04-19T13:49:28.354059+08:00,94.166,19997,75.0,> cmd_pwm_measure2_read: 19997Hz 75.0%
96,2026-04-19T13:49:29.352932+08:00,95.165,19997,75.0,> cmd_pwm_measure2_read: 19997Hz 75.0%
97,2026-04-19T13:49:30.353964+08:00,96.166,19997,75.0,> cmd_pwm_measure2_read: 19997Hz 75.0%
98,2026-04-19T13:49:31.351638+08:00,97.163,19997,75.0,> cmd_pwm_measure2_read: 19997Hz 75.0%
99,2026-04-19T13:49:32.354567+08:00,98.166,19997,75.0,> cmd_pwm_measure2_read: 19997Hz 75.0%
100,2026-04-19T13:49:33.355921+08:00,99.167,19997,75.0,> cmd_pwm_measure2_read: 19997Hz 75.0%
101,2026-04-19T13:49:34.353163+08:00,100.165,19997,75.0,> cmd_pwm_measure2_read: 19997Hz 75.0%
102,2026-04-19T13:49:35.352181+08:00,101.164,19997,75.0,> cmd_pwm_measure2_read: 19997Hz 75.0%
103,2026-04-19T13:49:36.353352+08:00,102.166,19997,75.0,> cmd_pwm_measure2_read: 19997Hz 75.0%
104,2026-04-19T13:49:37.353122+08:00,103.165,19997,75.0,> cmd_pwm_measure2_read: 19997Hz 75.0%
105,2026-04-19T13:49:38.351653+08:00,104.164,19997,75.0,> cmd_pwm_measure2_read: 19997Hz 75.0%
106,2026-04-19T13:49:39.354622+08:00,105.165,19997,75.0,> cmd_pwm_measure2_read: 19997Hz 75.0%
107,2026-04-19T13:49:40.353599+08:00,106.166,19997,75.0,> cmd_pwm_measure2_read: 19997Hz 75.0%
108,2026-04-19T13:49:41.355955+08:00,107.168,19997,75.0,> cmd_pwm_measure2_read: 19997Hz 75.0%
109,2026-04-19T13:49:42.355970+08:00,108.169,19997,75.0,> cmd_pwm_measure2_read: 19997Hz 75.0%
110,2026-04-19T13:49:43.353346+08:00,109.165,19997,75.0,> cmd_pwm_measure2_read: 19997Hz 75.0%
111,2026-04-19T13:49:44.353995+08:00,110.166,19997,75.0,> cmd_pwm_measure2_read: 19997Hz 75.0%
112,2026-04-19T13:49:45.353148+08:00,111.165,19997,75.0,> cmd_pwm_measure2_read: 19997Hz 75.0%
113,2026-04-19T13:49:46.353240+08:00,112.166,19997,75.0,> cmd_pwm_measure2_read: 19997Hz 75.0%
114,2026-04-19T13:49:47.354035+08:00,113.166,19997,75.0,> cmd_pwm_measure2_read: 19997Hz 75.0%
115,2026-04-19T13:49:48.352206+08:00,114.163,19997,75.0,> cmd_pwm_measure2_read: 19997Hz 75.0%
116,2026-04-19T13:49:49.351413+08:00,115.163,19997,75.0,> cmd_pwm_measure2_read: 19997Hz 75.0%
117,2026-04-19T13:49:50.353413+08:00,116.164,19997,75.0,> cmd_pwm_measure2_read: 19997Hz 75.0%
118,2026-04-19T13:49:51.355998+08:00,117.168,19997,75.0,> cmd_pwm_measure2_read: 19997Hz 75.0%
119,2026-04-19T13:49:52.352663+08:00,118.164,19997,75.0,> cmd_pwm_measure2_read: 19997Hz 75.0%
120,2026-04-19T13:49:53.353119+08:00,119.165,19997,75.0,> cmd_pwm_measure2_read: 19997Hz 75.0%
121,2026-04-19T13:49:54.351207+08:00,120.163,19997,75.0,> cmd_pwm_measure2_read: 19997Hz 75.0%
122,2026-04-19T13:49:55.355988+08:00,121.168,19997,75.0,> cmd_pwm_measure2_read: 19997Hz 75.0%
123,2026-04-19T13:49:56.352442+08:00,122.165,19997,75.0,> cmd_pwm_measure2_read: 19997Hz 75.0%
124,2026-04-19T13:49:57.353431+08:00,123.165,19997,75.0,> cmd_pwm_measure2_read: 19997Hz 75.0%
125,2026-04-19T13:49:58.353819+08:00,124.166,19997,75.0,> cmd_pwm_measure2_read: 19997Hz 75.0%
126,2026-04-19T13:49:59.354680+08:00,125.167,19997,75.0,> cmd_pwm_measure2_read: 19997Hz 75.0%
127,2026-04-19T13:50:00.356059+08:00,126.168,19997,75.0,> cmd_pwm_measure2_read: 19997Hz 75.0%
128,2026-04-19T13:50:01.352280+08:00,127.163,19997,75.0,> cmd_pwm_measure2_read: 19997Hz 75.0%
129,2026-04-19T13:50:02.353217+08:00,128.165,19997,75.0,> cmd_pwm_measure2_read: 19997Hz 75.0%
130,2026-04-19T13:50:03.356073+08:00,129.169,19997,75.0,> cmd_pwm_measure2_read: 19997Hz 75.0%
131,2026-04-19T13:50:04.353907+08:00,130.166,19997,75.0,> cmd_pwm_measure2_read: 19997Hz 75.0%
132,2026-04-19T13:50:05.356107+08:00,131.169,19997,75.0,> cmd_pwm_measure2_read: 19997Hz 75.0%
133,2026-04-19T13:50:06.353475+08:00,132.165,19997,75.0,> cmd_pwm_measure2_read: 19997Hz 75.0%
134,2026-04-19T13:50:07.356077+08:00,133.167,19997,75.0,> cmd_pwm_measure2_read: 19997Hz 75.0%
135,2026-04-19T13:50:08.354507+08:00,134.166,19997,75.0,> cmd_pwm_measure2_read: 19997Hz 75.0%
136,2026-04-19T13:50:09.352973+08:00,135.164,19997,75.0,> cmd_pwm_measure2_read: 19997Hz 75.0%
137,2026-04-19T13:50:10.352219+08:00,136.164,19997,75.0,> cmd_pwm_measure2_read: 19997Hz 75.0%
138,2026-04-19T13:50:11.351869+08:00,137.164,19997,75.0,> cmd_pwm_measure2_read: 19997Hz 75.0%
139,2026-04-19T13:50:12.351809+08:00,138.164,19997,75.0,> cmd_pwm_measure2_read: 19997Hz 75.0%
140,2026-04-19T13:50:13.351882+08:00,139.164,19997,75.0,> cmd_pwm_measure2_read: 19997Hz 75.0%
141,2026-04-19T13:50:14.356123+08:00,140.168,19997,75.0,> cmd_pwm_measure2_read: 19997Hz 75.0%
142,2026-04-19T13:50:15.353304+08:00,141.165,19997,75.0,> cmd_pwm_measure2_read: 19997Hz 75.0%
143,2026-04-19T13:50:16.353539+08:00,142.166,19997,75.0,> cmd_pwm_measure2_read: 19997Hz 75.0%
144,2026-04-19T13:50:17.351167+08:00,143.163,19997,75.0,> cmd_pwm_measure2_read: 19997Hz 75.0%
145,2026-04-19T13:50:18.353534+08:00,144.165,19997,75.0,> cmd_pwm_measure2_read: 19997Hz 75.0%
146,2026-04-19T13:50:19.351832+08:00,145.164,19997,75.0,> cmd_pwm_measure2_read: 19997Hz 75.0%
147,2026-04-19T13:50:20.356171+08:00,146.169,19997,75.0,> cmd_pwm_measure2_read: 19997Hz 75.0%
148,2026-04-19T13:50:21.351165+08:00,147.163,19997,75.0,> cmd_pwm_measure2_read: 19997Hz 75.0%
149,2026-04-19T13:50:22.351977+08:00,148.165,19997,75.0,> cmd_pwm_measure2_read: 19997Hz 75.0%
150,2026-04-19T13:50:23.353964+08:00,149.165,19997,75.0,> cmd_pwm_measure2_read: 19997Hz 75.0%
151,2026-04-19T13:50:24.353502+08:00,150.166,19997,75.0,> cmd_pwm_measure2_read: 19997Hz 75.0%
152,2026-04-19T13:50:25.353697+08:00,151.166,19997,75.0,> cmd_pwm_measure2_read: 19997Hz 75.0%
153,2026-04-19T13:50:26.353477+08:00,152.165,19997,75.0,> cmd_pwm_measure2_read: 19997Hz 75.0%
154,2026-04-19T13:50:27.352955+08:00,153.165,19997,75.0,> cmd_pwm_measure2_read: 19997Hz 75.0%
155,2026-04-19T13:50:28.356210+08:00,154.168,19997,75.0,> cmd_pwm_measure2_read: 19997Hz 75.0%
156,2026-04-19T13:50:29.356201+08:00,155.167,19997,75.0,> cmd_pwm_measure2_read: 19997Hz 75.0%
157,2026-04-19T13:50:30.353435+08:00,156.165,19997,75.0,> cmd_pwm_measure2_read: 19997Hz 75.0%
158,2026-04-19T13:50:31.354431+08:00,157.166,19997,75.0,> cmd_pwm_measure2_read: 19997Hz 75.0%
159,2026-04-19T13:50:32.353979+08:00,158.166,19997,75.0,> cmd_pwm_measure2_read: 19997Hz 75.0%
160,2026-04-19T13:50:33.356219+08:00,159.168,19997,75.0,> cmd_pwm_measure2_read: 19997Hz 75.0%
161,2026-04-19T13:50:34.354660+08:00,160.166,19997,75.0,> cmd_pwm_measure2_read: 19997Hz 75.0%
162,2026-04-19T13:50:35.352449+08:00,161.164,19997,75.0,> cmd_pwm_measure2_read: 19997Hz 75.0%
163,2026-04-19T13:50:36.351618+08:00,162.164,19997,75.0,> cmd_pwm_measure2_read: 19997Hz 75.0%
164,2026-04-19T13:50:37.355046+08:00,163.166,19997,75.0,> cmd_pwm_measure2_read: 19997Hz 75.0%
165,2026-04-19T13:50:38.356263+08:00,164.169,19997,75.0,> cmd_pwm_measure2_read: 19997Hz 75.0%
166,2026-04-19T13:50:39.353067+08:00,165.166,19997,75.0,> cmd_pwm_measure2_read: 19997Hz 75.0%
167,2026-04-19T13:50:40.354205+08:00,166.166,19997,75.0,> cmd_pwm_measure2_read: 19997Hz 75.0%
168,2026-04-19T13:50:41.353840+08:00,167.167,19997,75.0,> cmd_pwm_measure2_read: 19997Hz 75.0%
169,2026-04-19T13:50:42.356269+08:00,168.168,19997,75.0,> cmd_pwm_measure2_read: 19997Hz 75.0%
170,2026-04-19T13:50:43.356292+08:00,169.169,19997,75.0,> cmd_pwm_measure2_read: 19997Hz 75.0%
171,2026-04-19T13:50:44.355586+08:00,170.167,19997,75.0,> cmd_pwm_measure2_read: 19997Hz 75.0%
172,2026-04-19T13:50:45.353868+08:00,171.166,19997,75.0,> cmd_pwm_measure2_read: 19997Hz 75.0%
173,2026-04-19T13:50:46.356288+08:00,172.167,19997,75.0,> cmd_pwm_measure2_read: 19997Hz 75.0%
174,2026-04-19T13:50:47.356005+08:00,173.168,19997,75.0,> cmd_pwm_measure2_read: 19997Hz 75.0%
175,2026-04-19T13:50:48.351897+08:00,174.164,19997,75.0,> cmd_pwm_measure2_read: 19997Hz 75.0%
176,2026-04-19T13:50:49.356159+08:00,175.168,19997,75.0,> cmd_pwm_measure2_read: 19997Hz 75.0%
177,2026-04-19T13:50:50.354909+08:00,176.167,19997,75.0,> cmd_pwm_measure2_read: 19997Hz 75.0%
178,2026-04-19T13:50:51.352547+08:00,177.163,19997,75.0,> cmd_pwm_measure2_read: 19997Hz 75.0%
179,2026-04-19T13:50:52.352977+08:00,178.165,19997,75.0,> cmd_pwm_measure2_read: 19997Hz 75.0%
180,2026-04-19T13:50:53.355098+08:00,179.167,19997,75.0,> cmd_pwm_measure2_read: 19997Hz 75.0%
181,2026-04-19T13:50:54.354645+08:00,180.167,19997,75.0,> cmd_pwm_measure2_read: 19997Hz 75.0%
182,2026-04-19T13:50:55.354042+08:00,181.166,19997,75.0,> cmd_pwm_measure2_read: 19997Hz 75.0%
183,2026-04-19T13:50:56.352948+08:00,182.164,19997,75.0,> cmd_pwm_measure2_read: 19997Hz 75.0%
184,2026-04-19T13:50:57.353329+08:00,183.163,19997,75.0,> cmd_pwm_measure2_read: 19997Hz 75.0%
185,2026-04-19T13:50:58.356352+08:00,184.168,19997,75.0,> cmd_pwm_measure2_read: 19997Hz 75.0%
186,2026-04-19T13:50:59.352906+08:00,185.164,19997,75.0,> cmd_pwm_measure2_read: 19997Hz 75.0%
187,2026-04-19T13:51:00.352413+08:00,186.164,19997,75.0,> cmd_pwm_measure2_read: 19997Hz 75.0%
188,2026-04-19T13:51:01.352943+08:00,187.164,19997,75.0,> cmd_pwm_measure2_read: 19997Hz 75.0%
189,2026-04-19T13:51:02.351614+08:00,188.162,19997,75.0,> cmd_pwm_measure2_read: 19997Hz 75.0%
190,2026-04-19T13:51:03.352382+08:00,189.164,19997,75.0,> cmd_pwm_measure2_read: 19997Hz 75.0%
191,2026-04-19T13:51:04.354739+08:00,190.166,19997,75.0,> cmd_pwm_measure2_read: 19997Hz 75.0%
192,2026-04-19T13:51:05.356408+08:00,191.168,19997,75.0,> cmd_pwm_measure2_read: 19997Hz 75.0%
193,2026-04-19T13:51:06.354044+08:00,192.166,19997,75.0,> cmd_pwm_measure2_read: 19997Hz 75.0%
194,2026-04-19T13:51:07.352402+08:00,193.164,19997,75.0,> cmd_pwm_measure2_read: 19997Hz 75.0%
195,2026-04-19T13:51:08.351431+08:00,194.163,19997,75.0,> cmd_pwm_measure2_read: 19997Hz 75.0%
196,2026-04-19T13:51:09.353578+08:00,195.165,19997,75.0,> cmd_pwm_measure2_read: 19997Hz 75.0%
197,2026-04-19T13:51:10.353665+08:00,196.166,19997,75.0,> cmd_pwm_measure2_read: 19997Hz 75.0%
198,2026-04-19T13:51:11.353532+08:00,197.165,19997,75.0,> cmd_pwm_measure2_read: 19997Hz 75.0%
199,2026-04-19T13:51:12.352319+08:00,198.163,19997,75.0,> cmd_pwm_measure2_read: 19997Hz 75.0%
200,2026-04-19T13:51:13.356432+08:00,199.167,19997,75.0,> cmd_pwm_measure2_read: 19997Hz 75.0%
201,2026-04-19T13:51:14.356437+08:00,200.169,19997,75.0,> cmd_pwm_measure2_read: 19997Hz 75.0%
202,2026-04-19T13:51:15.353567+08:00,201.165,19997,75.0,> cmd_pwm_measure2_read: 19997Hz 75.0%
203,2026-04-19T13:51:16.353470+08:00,202.165,19997,75.0,> cmd_pwm_measure2_read: 19997Hz 75.0%
204,2026-04-19T13:51:17.353857+08:00,203.165,19997,75.0,> cmd_pwm_measure2_read: 19997Hz 75.0%
205,2026-04-19T13:51:18.354609+08:00,204.166,19997,75.0,> cmd_pwm_measure2_read: 19997Hz 75.0%
206,2026-04-19T13:51:19.356463+08:00,205.167,19997,75.0,> cmd_pwm_measure2_read: 19997Hz 75.0%
207,2026-04-19T13:51:20.354281+08:00,206.166,19997,75.0,> cmd_pwm_measure2_read: 19997Hz 75.0%
208,2026-04-19T13:51:21.353620+08:00,207.165,19997,75.0,> cmd_pwm_measure2_read: 19997Hz 75.0%
209,2026-04-19T13:51:22.353011+08:00,208.165,19997,75.0,> cmd_pwm_measure2_read: 19997Hz 75.0%
210,2026-04-19T13:51:23.356487+08:00,209.168,19997,75.0,> cmd_pwm_measure2_read: 19997Hz 75.0%
211,2026-04-19T13:51:24.356236+08:00,210.168,19997,75.0,> cmd_pwm_measure2_read: 19997Hz 75.0%
212,2026-04-19T13:51:25.351652+08:00,211.163,19997,75.0,> cmd_pwm_measure2_read: 19997Hz 75.0%
213,2026-04-19T13:51:26.354143+08:00,212.166,19997,75.0,> cmd_pwm_measure2_read: 19997Hz 75.0%
214,2026-04-19T13:51:27.356530+08:00,213.169,19997,75.0,> cmd_pwm_measure2_read: 19997Hz 75.0%
215,2026-04-19T13:51:28.356530+08:00,214.169,19997,75.0,> cmd_pwm_measure2_read: 19997Hz 75.0%
216,2026-04-19T13:51:29.356183+08:00,215.168,19997,75.0,> cmd_pwm_measure2_read: 19997Hz 75.0%
217,2026-04-19T13:51:30.353938+08:00,216.165,19997,75.0,> cmd_pwm_measure2_read: 19997Hz 75.0%
218,2026-04-19T13:51:31.351932+08:00,217.164,19997,75.0,> cmd_pwm_measure2_read: 19997Hz 75.0%
219,2026-04-19T13:51:32.353488+08:00,218.165,19997,75.0,> cmd_pwm_measure2_read: 19997Hz 75.0%
220,2026-04-19T13:51:33.353209+08:00,219.164,19997,75.0,> cmd_pwm_measure2_read: 19997Hz 75.0%
221,2026-04-19T13:51:34.356160+08:00,220.168,19997,75.0,> cmd_pwm_measure2_read: 19997Hz 75.0%
222,2026-04-19T13:51:35.356552+08:00,221.168,19997,75.0,> cmd_pwm_measure2_read: 19997Hz 75.0%
223,2026-04-19T13:51:36.352790+08:00,222.163,19997,75.0,> cmd_pwm_measure2_read: 19997Hz 75.0%
224,2026-04-19T13:51:37.355253+08:00,223.166,19997,75.0,> cmd_pwm_measure2_read: 19997Hz 75.0%
225,2026-04-19T13:51:38.352709+08:00,224.164,19997,75.0,> cmd_pwm_measure2_read: 19997Hz 75.0%
226,2026-04-19T13:51:39.353387+08:00,225.165,19997,75.0,> cmd_pwm_measure2_read: 19997Hz 75.0%
227,2026-04-19T13:51:40.354273+08:00,226.166,19997,75.0,> cmd_pwm_measure2_read: 19997Hz 75.0%
228,2026-04-19T13:51:41.353205+08:00,227.164,19997,75.0,> cmd_pwm_measure2_read: 19997Hz 75.0%
229,2026-04-19T13:51:42.353400+08:00,228.165,19997,75.0,> cmd_pwm_measure2_read: 19997Hz 75.0%
230,2026-04-19T13:51:43.355348+08:00,229.167,19997,75.0,> cmd_pwm_measure2_read: 19997Hz 75.0%
231,2026-04-19T13:51:44.353431+08:00,230.165,19997,75.0,> cmd_pwm_measure2_read: 19997Hz 75.0%
232,2026-04-19T13:51:45.353892+08:00,231.165,19997,75.0,> cmd_pwm_measure2_read: 19997Hz 75.0%
233,2026-04-19T13:51:46.356625+08:00,232.169,19997,75.0,> cmd_pwm_measure2_read: 19997Hz 75.0%
234,2026-04-19T13:51:47.355762+08:00,233.166,19997,75.0,> cmd_pwm_measure2_read: 19997Hz 75.0%
235,2026-04-19T13:51:48.354642+08:00,234.167,19997,75.0,> cmd_pwm_measure2_read: 19997Hz 75.0%
236,2026-04-19T13:51:49.353909+08:00,235.166,19997,75.0,> cmd_pwm_measure2_read: 19997Hz 75.0%
237,2026-04-19T13:51:50.354233+08:00,236.165,19997,75.0,> cmd_pwm_measure2_read: 19997Hz 75.0%
238,2026-04-19T13:51:51.355175+08:00,237.166,19997,75.0,> cmd_pwm_measure2_read: 19997Hz 75.0%
239,2026-04-19T13:51:52.351766+08:00,238.162,19997,75.0,> cmd_pwm_measure2_read: 19997Hz 75.0%
240,2026-04-19T13:51:53.351884+08:00,239.163,19997,75.0,> cmd_pwm_measure2_read: 19997Hz 75.0%
241,2026-04-19T13:51:54.354396+08:00,240.166,19997,75.0,> cmd_pwm_measure2_read: 19997Hz 75.0%
242,2026-04-19T13:51:55.356671+08:00,241.168,19997,75.0,> cmd_pwm_measure2_read: 19997Hz 75.0%
243,2026-04-19T13:51:56.354041+08:00,242.166,19997,75.0,> cmd_pwm_measure2_read: 19997Hz 75.0%
244,2026-04-19T13:51:57.356540+08:00,243.168,19997,75.0,> cmd_pwm_measure2_read: 19997Hz 75.0%
245,2026-04-19T13:51:58.352354+08:00,244.162,19997,75.0,> cmd_pwm_measure2_read: 19997Hz 75.0%
246,2026-04-19T13:51:59.353928+08:00,245.166,19997,75.0,> cmd_pwm_measure2_read: 19997Hz 75.0%
247,2026-04-19T13:52:00.354899+08:00,246.166,19997,75.0,> cmd_pwm_measure2_read: 19997Hz 75.0%
248,2026-04-19T13:52:01.356683+08:00,247.168,19997,75.0,> cmd_pwm_measure2_read: 19997Hz 75.0%
249,2026-04-19T13:52:02.354226+08:00,248.165,19997,75.0,> cmd_pwm_measure2_read: 19997Hz 75.0%
250,2026-04-19T13:52:03.354945+08:00,249.167,19997,75.0,> cmd_pwm_measure2_read: 19997Hz 75.0%
251,2026-04-19T13:52:04.354468+08:00,250.166,19997,75.0,> cmd_pwm_measure2_read: 19997Hz 75.0%
252,2026-04-19T13:52:05.353390+08:00,251.164,19997,75.0,> cmd_pwm_measure2_read: 19997Hz 75.0%
253,2026-04-19T13:52:06.353118+08:00,252.164,19997,75.0,> cmd_pwm_measure2_read: 19997Hz 75.0%
254,2026-04-19T13:52:07.354046+08:00,253.165,19997,75.0,> cmd_pwm_measure2_read: 19997Hz 75.0%
255,2026-04-19T13:52:08.353187+08:00,254.165,19997,75.0,> cmd_pwm_measure2_read: 19997Hz 75.0%
256,2026-04-19T13:52:09.352987+08:00,255.164,19997,75.0,> cmd_pwm_measure2_read: 19997Hz 75.0%
257,2026-04-19T13:52:10.356757+08:00,256.168,19997,75.0,> cmd_pwm_measure2_read: 19997Hz 75.0%
258,2026-04-19T13:52:11.353973+08:00,257.165,19997,75.0,> cmd_pwm_measure2_read: 19997Hz 75.0%
259,2026-04-19T13:52:12.354193+08:00,258.165,19997,75.0,> cmd_pwm_measure2_read: 19997Hz 75.0%
260,2026-04-19T13:52:13.351918+08:00,259.163,19997,75.0,> cmd_pwm_measure2_read: 19997Hz 75.0%
261,2026-04-19T13:52:14.353239+08:00,260.165,19997,75.0,> cmd_pwm_measure2_read: 19997Hz 75.0%
262,2026-04-19T13:52:15.353882+08:00,261.165,19997,75.0,> cmd_pwm_measure2_read: 19997Hz 75.0%
263,2026-04-19T13:52:16.355527+08:00,262.167,19997,75.0,> cmd_pwm_measure2_read: 19997Hz 75.0%
264,2026-04-19T13:52:17.354403+08:00,263.166,19997,75.0,> cmd_pwm_measure2_read: 19997Hz 75.0%
265,2026-04-19T13:52:18.356793+08:00,264.169,19997,75.0,> cmd_pwm_measure2_read: 19997Hz 75.0%
266,2026-04-19T13:52:19.353235+08:00,265.165,19997,75.0,> cmd_pwm_measure2_read: 19997Hz 75.0%
267,2026-04-19T13:52:20.356791+08:00,266.168,19997,75.0,> cmd_pwm_measure2_read: 19997Hz 75.0%
268,2026-04-19T13:52:21.355604+08:00,267.167,19997,75.0,> cmd_pwm_measure2_read: 19997Hz 75.0%
269,2026-04-19T13:52:22.356125+08:00,268.168,19997,75.0,> cmd_pwm_measure2_read: 19997Hz 75.0%
270,2026-04-19T13:52:23.353302+08:00,269.164,19997,75.0,> cmd_pwm_measure2_read: 19997Hz 75.0%
271,2026-04-19T13:52:24.353274+08:00,270.164,19997,75.0,> cmd_pwm_measure2_read: 19997Hz 75.0%
272,2026-04-19T13:52:25.353296+08:00,271.165,19997,75.0,> cmd_pwm_measure2_read: 19997Hz 75.0%
273,2026-04-19T13:52:26.354487+08:00,272.164,19997,75.0,> cmd_pwm_measure2_read: 19997Hz 75.0%
274,2026-04-19T13:52:27.355489+08:00,273.166,19997,75.0,> cmd_pwm_measure2_read: 19997Hz 75.0%
275,2026-04-19T13:52:28.353632+08:00,274.165,19997,75.0,> cmd_pwm_measure2_read: 19997Hz 75.0%
276,2026-04-19T13:52:29.353892+08:00,275.165,19997,75.0,> cmd_pwm_measure2_read: 19997Hz 75.0%
277,2026-04-19T13:52:30.355281+08:00,276.166,19997,75.0,> cmd_pwm_measure2_read: 19997Hz 75.0%
278,2026-04-19T13:52:31.355082+08:00,277.166,19997,75.0,> cmd_pwm_measure2_read: 19997Hz 75.0%
279,2026-04-19T13:52:32.353307+08:00,278.164,19997,75.0,> cmd_pwm_measure2_read: 19997Hz 75.0%
280,2026-04-19T13:52:33.356873+08:00,279.168,19997,75.0,> cmd_pwm_measure2_read: 19997Hz 75.0%
281,2026-04-19T13:52:34.353676+08:00,280.165,19997,75.0,> cmd_pwm_measure2_read: 19997Hz 75.0%
282,2026-04-19T13:52:35.354646+08:00,281.166,19997,75.0,> cmd_pwm_measure2_read: 19997Hz 75.0%
283,2026-04-19T13:52:36.353731+08:00,282.164,19997,75.0,> cmd_pwm_measure2_read: 19997Hz 75.0%
284,2026-04-19T13:52:37.354343+08:00,283.164,19997,75.0,> cmd_pwm_measure2_read: 19997Hz 75.0%
285,2026-04-19T13:52:38.356904+08:00,284.169,19997,75.0,> cmd_pwm_measure2_read: 19997Hz 75.0%
286,2026-04-19T13:52:39.356745+08:00,285.168,19997,75.0,> cmd_pwm_measure2_read: 19997Hz 75.0%
287,2026-04-19T13:52:40.353854+08:00,286.165,19997,75.0,> cmd_pwm_measure2_read: 19997Hz 75.0%
288,2026-04-19T13:52:41.355838+08:00,287.167,19997,75.0,> cmd_pwm_measure2_read: 19997Hz 75.0%
289,2026-04-19T13:52:42.356931+08:00,288.168,19997,75.0,> cmd_pwm_measure2_read: 19997Hz 75.0%
290,2026-04-19T13:52:43.356908+08:00,289.168,19997,75.0,> cmd_pwm_measure2_read: 19997Hz 75.0%
291,2026-04-19T13:52:44.353272+08:00,290.164,19997,75.0,> cmd_pwm_measure2_read: 19997Hz 75.0%
292,2026-04-19T13:52:45.355447+08:00,291.166,19997,75.0,> cmd_pwm_measure2_read: 19997Hz 75.0%
293,2026-04-19T13:52:46.352104+08:00,292.163,19997,75.0,> cmd_pwm_measure2_read: 19997Hz 75.0%
294,2026-04-19T13:52:47.356931+08:00,293.168,19997,75.0,> cmd_pwm_measure2_read: 19997Hz 75.0%
295,2026-04-19T13:52:48.353825+08:00,294.164,19997,75.0,> cmd_pwm_measure2_read: 19997Hz 75.0%
296,2026-04-19T13:52:49.354294+08:00,295.165,19997,75.0,> cmd_pwm_measure2_read: 19997Hz 75.0%
297,2026-04-19T13:52:50.353517+08:00,296.165,19997,75.0,> cmd_pwm_measure2_read: 19997Hz 75.0%
298,2026-04-19T13:52:51.355049+08:00,297.166,19997,75.0,> cmd_pwm_measure2_read: 19997Hz 75.0%
299,2026-04-19T13:52:52.354236+08:00,298.165,19997,75.0,> cmd_pwm_measure2_read: 19997Hz 75.0%
300,2026-04-19T13:52:53.354928+08:00,299.166,19997,75.0,> cmd_pwm_measure2_read: 19997Hz 75.0%
301,2026-04-19T13:52:54.354848+08:00,300.166,19997,75.0,> cmd_pwm_measure2_read: 19997Hz 75.0%
302,2026-04-19T13:52:55.356986+08:00,301.168,19997,75.0,> cmd_pwm_measure2_read: 19997Hz 75.0%
303,2026-04-19T13:52:56.356977+08:00,302.167,19997,75.0,> cmd_pwm_measure2_read: 19997Hz 75.0%
304,2026-04-19T13:52:57.354529+08:00,303.165,19997,75.0,> cmd_pwm_measure2_read: 19997Hz 75.0%
305,2026-04-19T13:52:58.357008+08:00,304.169,19997,75.0,> cmd_pwm_measure2_read: 19997Hz 75.0%
306,2026-04-19T13:52:59.354445+08:00,305.166,19997,75.0,> cmd_pwm_measure2_read: 19997Hz 75.0%
307,2026-04-19T13:53:00.354294+08:00,306.166,19997,75.0,> cmd_pwm_measure2_read: 19997Hz 75.0%
308,2026-04-19T13:53:01.354462+08:00,307.165,19997,75.0,> cmd_pwm_measure2_read: 19997Hz 75.0%
309,2026-04-19T13:53:02.354667+08:00,308.166,19997,75.0,> cmd_pwm_measure2_read: 19997Hz 75.0%
310,2026-04-19T13:53:03.357008+08:00,309.168,19997,75.0,> cmd_pwm_measure2_read: 19997Hz 75.0%
311,2026-04-19T13:53:04.354493+08:00,310.165,19997,75.0,> cmd_pwm_measure2_read: 19997Hz 75.0%
312,2026-04-19T13:53:05.354779+08:00,311.165,19997,75.0,> cmd_pwm_measure2_read: 19997Hz 75.0%
313,2026-04-19T13:53:06.357034+08:00,312.168,19997,75.0,> cmd_pwm_measure2_read: 19997Hz 75.0%
314,2026-04-19T13:53:07.352684+08:00,313.164,19997,75.0,> cmd_pwm_measure2_read: 19997Hz 75.0%
315,2026-04-19T13:53:08.354163+08:00,314.165,19997,75.0,> cmd_pwm_measure2_read: 19997Hz 75.0%
316,2026-04-19T13:53:09.352539+08:00,315.164,19997,75.0,> cmd_pwm_measure2_read: 19997Hz 75.0%
317,2026-04-19T13:53:10.354759+08:00,316.165,19997,75.0,> cmd_pwm_measure2_read: 19997Hz 75.0%
318,2026-04-19T13:53:11.352737+08:00,317.163,19997,75.0,> cmd_pwm_measure2_read: 19997Hz 75.0%
319,2026-04-19T13:53:12.357063+08:00,318.167,19997,75.0,> cmd_pwm_measure2_read: 19997Hz 75.0%
320,2026-04-19T13:53:13.354278+08:00,319.166,19997,75.0,> cmd_pwm_measure2_read: 19997Hz 75.0%
321,2026-04-19T13:53:14.353929+08:00,320.165,19997,75.0,> cmd_pwm_measure2_read: 19997Hz 75.0%
322,2026-04-19T13:53:15.354319+08:00,321.165,19997,75.0,> cmd_pwm_measure2_read: 19997Hz 75.0%
323,2026-04-19T13:53:16.353395+08:00,322.163,19997,75.0,> cmd_pwm_measure2_read: 19997Hz 75.0%
324,2026-04-19T13:53:17.354415+08:00,323.165,19997,75.0,> cmd_pwm_measure2_read: 19997Hz 75.0%
325,2026-04-19T13:53:18.357114+08:00,324.169,19997,75.0,> cmd_pwm_measure2_read: 19997Hz 75.0%
326,2026-04-19T13:53:19.352905+08:00,325.164,19997,75.0,> cmd_pwm_measure2_read: 19997Hz 75.0%
327,2026-04-19T13:53:20.356056+08:00,326.167,19997,75.0,> cmd_pwm_measure2_read: 19997Hz 75.0%
328,2026-04-19T13:53:21.356803+08:00,327.168,19997,75.0,> cmd_pwm_measure2_read: 19997Hz 75.0%
329,2026-04-19T13:53:22.362128+08:00,328.175,19997,75.0,> cmd_pwm_measure2_read: 19997Hz 75.0%
330,2026-04-19T13:53:23.362145+08:00,329.174,19997,75.0,> cmd_pwm_measure2_read: 19997Hz 75.0%
331,2026-04-19T13:53:24.356019+08:00,330.168,19997,75.0,> cmd_pwm_measure2_read: 19997Hz 75.0%
332,2026-04-19T13:53:25.355045+08:00,331.166,19997,75.0,> cmd_pwm_measure2_read: 19997Hz 75.0%
333,2026-04-19T13:53:26.354509+08:00,332.166,19997,75.0,> cmd_pwm_measure2_read: 19997Hz 75.0%
334,2026-04-19T13:53:27.361833+08:00,333.173,19997,75.0,> cmd_pwm_measure2_read: 19997Hz 75.0%
335,2026-04-19T13:53:28.352881+08:00,334.165,19997,75.0,> cmd_pwm_measure2_read: 19997Hz 75.0%
336,2026-04-19T13:53:29.355144+08:00,335.167,19997,75.0,> cmd_pwm_measure2_read: 19997Hz 75.0%
337,2026-04-19T13:53:30.354715+08:00,336.166,19997,75.0,> cmd_pwm_measure2_read: 19997Hz 75.0%
338,2026-04-19T13:53:31.355447+08:00,337.166,19997,75.0,> cmd_pwm_measure2_read: 19997Hz 75.0%
339,2026-04-19T13:53:32.354613+08:00,338.165,19997,75.0,> cmd_pwm_measure2_read: 19997Hz 75.0%
340,2026-04-19T13:53:33.362174+08:00,339.173,19997,75.0,> cmd_pwm_measure2_read: 19997Hz 75.0%
341,2026-04-19T13:53:34.353508+08:00,340.165,19997,75.0,> cmd_pwm_measure2_read: 19997Hz 75.0%
342,2026-04-19T13:53:35.360019+08:00,341.172,19997,75.0,> cmd_pwm_measure2_read: 19997Hz 75.0%
343,2026-04-19T13:53:36.362210+08:00,342.173,19997,75.0,> cmd_pwm_measure2_read: 19997Hz 75.0%
344,2026-04-19T13:53:37.362224+08:00,343.173,19997,75.0,> cmd_pwm_measure2_read: 19997Hz 75.0%
345,2026-04-19T13:53:38.362220+08:00,344.172,19997,75.0,> cmd_pwm_measure2_read: 19997Hz 75.0%
346,2026-04-19T13:53:39.357406+08:00,345.169,19997,75.0,> cmd_pwm_measure2_read: 19997Hz 75.0%
347,2026-04-19T13:53:40.354082+08:00,346.165,19997,75.0,> cmd_pwm_measure2_read: 19997Hz 75.0%
348,2026-04-19T13:53:41.356565+08:00,347.169,19997,75.0,> cmd_pwm_measure2_read: 19997Hz 75.0%
349,2026-04-19T13:53:42.353968+08:00,348.164,19997,75.0,> cmd_pwm_measure2_read: 19997Hz 75.0%
350,2026-04-19T13:53:43.362241+08:00,349.174,19997,75.0,> cmd_pwm_measure2_read: 19997Hz 75.0%
351,2026-04-19T13:53:44.362253+08:00,350.173,19997,75.0,> cmd_pwm_measure2_read: 19997Hz 75.0%
352,2026-04-19T13:53:45.355284+08:00,351.167,19997,75.0,> cmd_pwm_measure2_read: 19997Hz 75.0%
353,2026-04-19T13:53:46.355552+08:00,352.168,19997,75.0,> cmd_pwm_measure2_read: 19997Hz 75.0%
354,2026-04-19T13:53:47.358483+08:00,353.169,19997,75.0,> cmd_pwm_measure2_read: 19997Hz 75.0%
355,2026-04-19T13:53:48.362255+08:00,354.172,19997,75.0,> cmd_pwm_measure2_read: 19997Hz 75.0%
356,2026-04-19T13:53:49.353505+08:00,355.165,19997,75.0,> cmd_pwm_measure2_read: 19997Hz 75.0%
357,2026-04-19T13:53:50.356084+08:00,356.166,19997,75.0,> cmd_pwm_measure2_read: 19997Hz 75.0%
358,2026-04-19T13:53:51.352309+08:00,357.163,19997,75.0,> cmd_pwm_measure2_read: 19997Hz 75.0%
359,2026-04-19T13:53:52.356752+08:00,358.167,19997,75.0,> cmd_pwm_measure2_read: 19997Hz 75.0%
360,2026-04-19T13:53:53.356480+08:00,359.167,19997,75.0,> cmd_pwm_measure2_read: 19997Hz 75.0%
361,2026-04-19T13:53:54.355503+08:00,360.166,19997,75.0,> cmd_pwm_measure2_read: 19997Hz 75.0%
362,2026-04-19T13:53:55.357335+08:00,361.167,19997,75.0,> cmd_pwm_measure2_read: 19997Hz 75.0%
363,2026-04-19T13:53:56.358778+08:00,362.170,19997,75.0,> cmd_pwm_measure2_read: 19997Hz 75.0%
364,2026-04-19T13:53:57.358149+08:00,363.168,19997,75.0,> cmd_pwm_measure2_read: 19997Hz 75.0%
365,2026-04-19T13:53:58.362303+08:00,364.173,19997,75.0,> cmd_pwm_measure2_read: 19997Hz 75.0%
366,2026-04-19T13:53:59.360668+08:00,365.172,19997,75.0,> cmd_pwm_measure2_read: 19997Hz 75.0%
367,2026-04-19T13:54:00.356752+08:00,366.167,19997,75.0,> cmd_pwm_measure2_read: 19997Hz 75.0%
368,2026-04-19T13:54:01.355260+08:00,367.166,19997,75.0,> cmd_pwm_measure2_read: 19997Hz 75.0%
369,2026-04-19T13:54:02.353506+08:00,368.164,19997,75.0,> cmd_pwm_measure2_read: 19997Hz 75.0%
370,2026-04-19T13:54:03.355201+08:00,369.166,19997,75.0,> cmd_pwm_measure2_read: 19997Hz 75.0%
371,2026-04-19T13:54:04.362359+08:00,370.174,19997,75.0,> cmd_pwm_measure2_read: 19997Hz 75.0%
372,2026-04-19T13:54:05.355574+08:00,371.166,19997,75.0,> cmd_pwm_measure2_read: 19997Hz 75.0%
373,2026-04-19T13:54:06.353168+08:00,372.163,19997,75.0,> cmd_pwm_measure2_read: 19997Hz 75.0%
374,2026-04-19T13:54:07.362026+08:00,373.173,19997,75.0,> cmd_pwm_measure2_read: 19997Hz 75.0%
375,2026-04-19T13:54:08.353205+08:00,374.165,19997,75.0,> cmd_pwm_measure2_read: 19997Hz 75.0%
376,2026-04-19T13:54:09.357089+08:00,375.168,19997,75.0,> cmd_pwm_measure2_read: 19997Hz 75.0%
377,2026-04-19T13:54:10.354988+08:00,376.165,19997,75.0,> cmd_pwm_measure2_read: 19997Hz 75.0%
378,2026-04-19T13:54:11.362114+08:00,377.173,19997,75.0,> cmd_pwm_measure2_read: 19997Hz 75.0%
379,2026-04-19T13:54:12.362385+08:00,378.173,19997,75.0,> cmd_pwm_measure2_read: 19997Hz 75.0%
380,2026-04-19T13:54:13.362391+08:00,379.173,19997,75.0,> cmd_pwm_measure2_read: 19997Hz 75.0%
381,2026-04-19T13:54:14.353595+08:00,380.165,19997,75.0,> cmd_pwm_measure2_read: 19997Hz 75.0%
382,2026-04-19T13:54:15.360787+08:00,381.172,19997,75.0,> cmd_pwm_measure2_read: 19997Hz 75.0%
383,2026-04-19T13:54:16.356521+08:00,382.167,19997,75.0,> cmd_pwm_measure2_read: 19997Hz 75.0%
384,2026-04-19T13:54:17.356332+08:00,383.165,19997,75.0,> cmd_pwm_measure2_read: 19997Hz 75.0%
385,2026-04-19T13:54:18.362419+08:00,384.173,19997,75.0,> cmd_pwm_measure2_read: 19997Hz 75.0%
386,2026-04-19T13:54:19.358975+08:00,385.169,19997,75.0,> cmd_pwm_measure2_read: 19997Hz 75.0%
387,2026-04-19T13:54:20.362422+08:00,386.173,19997,75.0,> cmd_pwm_measure2_read: 19997Hz 75.0%
388,2026-04-19T13:54:21.355263+08:00,387.166,19997,75.0,> cmd_pwm_measure2_read: 19997Hz 75.0%
389,2026-04-19T13:54:22.360298+08:00,388.172,19997,75.0,> cmd_pwm_measure2_read: 19997Hz 75.0%
390,2026-04-19T13:54:23.357299+08:00,389.168,19997,75.0,> cmd_pwm_measure2_read: 19997Hz 75.0%
391,2026-04-19T13:54:24.353073+08:00,390.163,19997,75.0,> cmd_pwm_measure2_read: 19997Hz 75.0%
392,2026-04-19T13:54:25.355778+08:00,391.166,19997,75.0,> cmd_pwm_measure2_read: 19997Hz 75.0%
393,2026-04-19T13:54:26.362470+08:00,392.175,19997,75.0,> cmd_pwm_measure2_read: 19997Hz 75.0%
394,2026-04-19T13:54:27.355336+08:00,393.166,19997,75.0,> cmd_pwm_measure2_read: 19997Hz 75.0%
395,2026-04-19T13:54:28.356746+08:00,394.167,19997,75.0,> cmd_pwm_measure2_read: 19997Hz 75.0%
396,2026-04-19T13:54:29.356555+08:00,395.167,19997,75.0,> cmd_pwm_measure2_read: 19997Hz 75.0%
397,2026-04-19T13:54:30.354101+08:00,396.165,19997,75.0,> cmd_pwm_measure2_read: 19997Hz 75.0%
398,2026-04-19T13:54:31.355995+08:00,397.167,19997,75.0,> cmd_pwm_measure2_read: 19997Hz 75.0%
399,2026-04-19T13:54:32.360339+08:00,398.171,19997,75.0,> cmd_pwm_measure2_read: 19997Hz 75.0%
400,2026-04-19T13:54:33.362486+08:00,399.173,19997,75.0,> cmd_pwm_measure2_read: 19997Hz 75.0%
401,2026-04-19T13:54:34.354816+08:00,400.165,19997,75.0,> cmd_pwm_measure2_read: 19997Hz 75.0%
402,2026-04-19T13:54:35.355823+08:00,401.166,19997,75.0,> cmd_pwm_measure2_read: 19997Hz 75.0%
403,2026-04-19T13:54:36.352796+08:00,402.164,19997,75.0,> cmd_pwm_measure2_read: 19997Hz 75.0%
404,2026-04-19T13:54:37.357130+08:00,403.167,19997,75.0,> cmd_pwm_measure2_read: 19997Hz 75.0%
405,2026-04-19T13:54:38.362518+08:00,404.172,19997,75.0,> cmd_pwm_measure2_read: 19997Hz 75.0%
406,2026-04-19T13:54:39.355115+08:00,405.165,19997,75.0,> cmd_pwm_measure2_read: 19997Hz 75.0%
407,2026-04-19T13:54:40.352896+08:00,406.163,19997,75.0,> cmd_pwm_measure2_read: 19997Hz 75.0%
408,2026-04-19T13:54:41.356327+08:00,407.167,19997,75.0,> cmd_pwm_measure2_read: 19997Hz 75.0%
409,2026-04-19T13:54:42.353686+08:00,408.164,19997,75.0,> cmd_pwm_measure2_read: 19997Hz 75.0%
410,2026-04-19T13:54:43.355695+08:00,409.166,19997,75.0,> cmd_pwm_measure2_read: 19997Hz 75.0%
411,2026-04-19T13:54:44.362574+08:00,410.174,19997,75.0,> cmd_pwm_measure2_read: 19997Hz 75.0%
412,2026-04-19T13:54:45.355763+08:00,411.166,19997,75.0,> cmd_pwm_measure2_read: 19997Hz 75.0%
413,2026-04-19T13:54:46.353591+08:00,412.164,19997,75.0,> cmd_pwm_measure2_read: 19997Hz 75.0%
414,2026-04-19T13:54:47.358231+08:00,413.169,19997,75.0,> cmd_pwm_measure2_read: 19997Hz 75.0%
415,2026-04-19T13:54:48.362577+08:00,414.173,19997,75.0,> cmd_pwm_measure2_read: 19997Hz 75.0%
416,2026-04-19T13:54:49.357634+08:00,415.169,19997,75.0,> cmd_pwm_measure2_read: 19997Hz 75.0%
417,2026-04-19T13:54:50.361331+08:00,416.172,19997,75.0,> cmd_pwm_measure2_read: 19997Hz 75.0%
418,2026-04-19T13:54:51.360060+08:00,417.171,19997,75.0,> cmd_pwm_measure2_read: 19997Hz 75.0%
419,2026-04-19T13:54:52.356969+08:00,418.168,19997,75.0,> cmd_pwm_measure2_read: 19997Hz 75.0%
420,2026-04-19T13:54:53.356662+08:00,419.168,19997,75.0,> cmd_pwm_measure2_read: 19997Hz 75.0%
421,2026-04-19T13:54:54.360786+08:00,420.172,19997,75.0,> cmd_pwm_measure2_read: 19997Hz 75.0%
422,2026-04-19T13:54:55.355344+08:00,421.165,19997,75.0,> cmd_pwm_measure2_read: 19997Hz 75.0%
423,2026-04-19T13:54:56.355709+08:00,422.165,19997,75.0,> cmd_pwm_measure2_read: 19997Hz 75.0%
424,2026-04-19T13:54:57.357613+08:00,423.168,19997,75.0,> cmd_pwm_measure2_read: 19997Hz 75.0%
425,2026-04-19T13:54:58.357223+08:00,424.169,19997,75.0,> cmd_pwm_measure2_read: 19997Hz 75.0%
426,2026-04-19T13:54:59.353556+08:00,425.164,19997,75.0,> cmd_pwm_measure2_read: 19997Hz 75.0%
427,2026-04-19T13:55:00.356063+08:00,426.166,19997,75.0,> cmd_pwm_measure2_read: 19997Hz 75.0%
428,2026-04-19T13:55:01.357659+08:00,427.168,19997,75.0,> cmd_pwm_measure2_read: 19997Hz 75.0%
429,2026-04-19T13:55:02.357655+08:00,428.168,19997,75.0,> cmd_pwm_measure2_read: 19997Hz 75.0%
430,2026-04-19T13:55:03.357666+08:00,429.168,19997,75.0,> cmd_pwm_measure2_read: 19997Hz 75.0%
431,2026-04-19T13:55:04.357656+08:00,430.169,19997,75.0,> cmd_pwm_measure2_read: 19997Hz 75.0%
432,2026-04-19T13:55:05.355853+08:00,431.167,19997,75.0,> cmd_pwm_measure2_read: 19997Hz 75.0%
433,2026-04-19T13:55:06.355140+08:00,432.166,19997,75.0,> cmd_pwm_measure2_read: 19997Hz 75.0%
434,2026-04-19T13:55:07.357680+08:00,433.168,19997,75.0,> cmd_pwm_measure2_read: 19997Hz 75.0%
435,2026-04-19T13:55:08.357696+08:00,434.169,19997,75.0,> cmd_pwm_measure2_read: 19997Hz 75.0%
436,2026-04-19T13:55:09.355442+08:00,435.166,19997,75.0,> cmd_pwm_measure2_read: 19997Hz 75.0%
437,2026-04-19T13:55:10.353924+08:00,436.165,19997,75.0,> cmd_pwm_measure2_read: 19997Hz 75.0%
438,2026-04-19T13:55:11.354366+08:00,437.165,19997,75.0,> cmd_pwm_measure2_read: 19997Hz 75.0%
439,2026-04-19T13:55:12.355837+08:00,438.166,19997,75.0,> cmd_pwm_measure2_read: 19997Hz 75.0%
440,2026-04-19T13:55:13.357720+08:00,439.167,19997,75.0,> cmd_pwm_measure2_read: 19997Hz 75.0%
441,2026-04-19T13:55:14.357710+08:00,440.168,19997,75.0,> cmd_pwm_measure2_read: 19997Hz 75.0%
442,2026-04-19T13:55:15.357718+08:00,441.168,19997,75.0,> cmd_pwm_measure2_read: 19997Hz 75.0%
443,2026-04-19T13:55:16.354358+08:00,442.164,19997,75.0,> cmd_pwm_measure2_read: 19997Hz 75.0%
444,2026-04-19T13:55:17.357730+08:00,443.168,19997,75.0,> cmd_pwm_measure2_read: 19997Hz 75.0%
445,2026-04-19T13:55:18.355473+08:00,444.165,19997,75.0,> cmd_pwm_measure2_read: 19997Hz 75.0%
446,2026-04-19T13:55:19.357734+08:00,445.168,19997,75.0,> cmd_pwm_measure2_read: 19997Hz 75.0%
447,2026-04-19T13:55:20.355106+08:00,446.166,19997,75.0,> cmd_pwm_measure2_read: 19997Hz 75.0%
448,2026-04-19T13:55:21.353300+08:00,447.164,19997,75.0,> cmd_pwm_measure2_read: 19997Hz 75.0%
449,2026-04-19T13:55:22.354771+08:00,448.165,19997,75.0,> cmd_pwm_measure2_read: 19997Hz 75.0%
450,2026-04-19T13:55:23.356028+08:00,449.167,19997,75.0,> cmd_pwm_measure2_read: 19997Hz 75.0%
451,2026-04-19T13:55:24.357781+08:00,450.167,19997,75.0,> cmd_pwm_measure2_read: 19997Hz 75.0%
452,2026-04-19T13:55:25.354810+08:00,451.166,19997,75.0,> cmd_pwm_measure2_read: 19997Hz 75.0%
453,2026-04-19T13:55:26.357788+08:00,452.168,19997,75.0,> cmd_pwm_measure2_read: 19997Hz 75.0%
454,2026-04-19T13:55:27.353798+08:00,453.164,19997,75.0,> cmd_pwm_measure2_read: 19997Hz 75.0%
455,2026-04-19T13:55:28.352989+08:00,454.163,19997,75.0,> cmd_pwm_measure2_read: 19997Hz 75.0%
456,2026-04-19T13:55:29.357791+08:00,455.167,19997,75.0,> cmd_pwm_measure2_read: 19997Hz 75.0%
457,2026-04-19T13:55:30.357874+08:00,456.168,19997,75.0,> cmd_pwm_measure2_read: 19997Hz 75.0%
458,2026-04-19T13:55:31.357817+08:00,457.168,19997,75.0,> cmd_pwm_measure2_read: 19997Hz 75.0%
459,2026-04-19T13:55:32.353696+08:00,458.164,19997,75.0,> cmd_pwm_measure2_read: 19997Hz 75.0%
460,2026-04-19T13:55:33.356902+08:00,459.167,19997,75.0,> cmd_pwm_measure2_read: 19997Hz 75.0%
461,2026-04-19T13:55:34.357817+08:00,460.168,19997,75.0,> cmd_pwm_measure2_read: 19997Hz 75.0%
462,2026-04-19T13:55:35.353845+08:00,461.163,19997,75.0,> cmd_pwm_measure2_read: 19997Hz 75.0%
463,2026-04-19T13:55:36.355710+08:00,462.166,19997,75.0,> cmd_pwm_measure2_read: 19997Hz 75.0%
464,2026-04-19T13:55:37.355589+08:00,463.166,19997,75.0,> cmd_pwm_measure2_read: 19997Hz 75.0%
465,2026-04-19T13:55:38.353829+08:00,464.164,19997,75.0,> cmd_pwm_measure2_read: 19997Hz 75.0%
466,2026-04-19T13:55:39.355604+08:00,465.166,19997,75.0,> cmd_pwm_measure2_read: 19997Hz 75.0%
467,2026-04-19T13:55:40.355613+08:00,466.166,19997,75.0,> cmd_pwm_measure2_read: 19997Hz 75.0%
468,2026-04-19T13:55:41.355173+08:00,467.165,19997,75.0,> cmd_pwm_measure2_read: 19997Hz 75.0%
469,2026-04-19T13:55:42.355158+08:00,468.166,19997,75.0,> cmd_pwm_measure2_read: 19997Hz 75.0%
470,2026-04-19T13:55:43.354028+08:00,469.165,19997,75.0,> cmd_pwm_measure2_read: 19997Hz 75.0%
471,2026-04-19T13:55:44.356541+08:00,470.166,19997,75.0,> cmd_pwm_measure2_read: 19997Hz 75.0%
472,2026-04-19T13:55:45.357877+08:00,471.169,19997,75.0,> cmd_pwm_measure2_read: 19997Hz 75.0%
473,2026-04-19T13:55:46.357202+08:00,472.166,19997,75.0,> cmd_pwm_measure2_read: 19997Hz 75.0%
474,2026-04-19T13:55:47.355518+08:00,473.166,19997,75.0,> cmd_pwm_measure2_read: 19997Hz 75.0%
475,2026-04-19T13:55:48.356646+08:00,474.168,19997,75.0,> cmd_pwm_measure2_read: 19997Hz 75.0%
476,2026-04-19T13:55:49.354644+08:00,475.165,19997,75.0,> cmd_pwm_measure2_read: 19997Hz 75.0%
477,2026-04-19T13:55:50.359704+08:00,476.170,19997,75.0,> cmd_pwm_measure2_read: 19997Hz 75.0%
478,2026-04-19T13:55:51.355754+08:00,477.166,19997,75.0,> cmd_pwm_measure2_read: 19997Hz 75.0%
479,2026-04-19T13:55:52.357524+08:00,478.167,19997,75.0,> cmd_pwm_measure2_read: 19997Hz 75.0%
480,2026-04-19T13:55:53.357936+08:00,479.168,19997,75.0,> cmd_pwm_measure2_read: 19997Hz 75.0%
481,2026-04-19T13:55:54.355805+08:00,480.166,19997,75.0,> cmd_pwm_measure2_read: 19997Hz 75.0%
482,2026-04-19T13:55:55.354871+08:00,481.165,19997,75.0,> cmd_pwm_measure2_read: 19997Hz 75.0%
483,2026-04-19T13:55:56.354346+08:00,482.165,19997,75.0,> cmd_pwm_measure2_read: 19997Hz 75.0%
484,2026-04-19T13:55:57.356177+08:00,483.166,19997,75.0,> cmd_pwm_measure2_read: 19997Hz 75.0%
485,2026-04-19T13:55:58.357111+08:00,484.166,19997,75.0,> cmd_pwm_measure2_read: 19997Hz 75.0%
486,2026-04-19T13:55:59.354318+08:00,485.164,19997,75.0,> cmd_pwm_measure2_read: 19997Hz 75.0%
487,2026-04-19T13:56:00.356472+08:00,486.166,19997,75.0,> cmd_pwm_measure2_read: 19997Hz 75.0%
488,2026-04-19T13:56:01.357961+08:00,487.167,19997,75.0,> cmd_pwm_measure2_read: 19997Hz 75.0%
489,2026-04-19T13:56:02.357983+08:00,488.169,19997,75.0,> cmd_pwm_measure2_read: 19997Hz 75.0%
490,2026-04-19T13:56:03.354380+08:00,489.163,19997,75.0,> cmd_pwm_measure2_read: 19997Hz 75.0%
491,2026-04-19T13:56:04.353661+08:00,490.164,19997,75.0,> cmd_pwm_measure2_read: 19997Hz 75.0%
492,2026-04-19T13:56:05.357998+08:00,491.169,19997,75.0,> cmd_pwm_measure2_read: 19997Hz 75.0%
493,2026-04-19T13:56:06.355272+08:00,492.165,19997,75.0,> cmd_pwm_measure2_read: 19997Hz 75.0%
494,2026-04-19T13:56:07.354076+08:00,493.164,19997,75.0,> cmd_pwm_measure2_read: 19997Hz 75.0%
495,2026-04-19T13:56:08.355814+08:00,494.165,19997,75.0,> cmd_pwm_measure2_read: 19997Hz 75.0%
496,2026-04-19T13:56:09.354082+08:00,495.164,19997,75.0,> cmd_pwm_measure2_read: 19997Hz 75.0%
497,2026-04-19T13:56:10.354486+08:00,496.164,19997,75.0,> cmd_pwm_measure2_read: 19997Hz 75.0%
498,2026-04-19T13:56:11.355973+08:00,497.166,19997,75.0,> cmd_pwm_measure2_read: 19997Hz 75.0%
499,2026-04-19T13:56:12.355867+08:00,498.166,19997,75.0,> cmd_pwm_measure2_read: 19997Hz 75.0%
500,2026-04-19T13:56:13.358046+08:00,499.168,19997,75.0,> cmd_pwm_measure2_read: 19997Hz 75.0%
501,2026-04-19T13:56:14.356036+08:00,500.165,19997,75.0,> cmd_pwm_measure2_read: 19997Hz 75.0%
502,2026-04-19T13:56:15.355994+08:00,501.167,19997,75.0,> cmd_pwm_measure2_read: 19997Hz 75.0%
503,2026-04-19T13:56:16.357862+08:00,502.168,19997,75.0,> cmd_pwm_measure2_read: 19997Hz 75.0%
504,2026-04-19T13:56:17.356166+08:00,503.166,19997,75.0,> cmd_pwm_measure2_read: 19997Hz 75.0%
505,2026-04-19T13:56:18.354010+08:00,504.164,19997,75.0,> cmd_pwm_measure2_read: 19997Hz 75.0%
506,2026-04-19T13:56:19.356525+08:00,505.166,19997,75.0,> cmd_pwm_measure2_read: 19997Hz 75.0%
507,2026-04-19T13:56:20.358059+08:00,506.168,19997,75.0,> cmd_pwm_measure2_read: 19997Hz 75.0%
508,2026-04-19T13:56:21.355419+08:00,507.165,19997,75.0,> cmd_pwm_measure2_read: 19997Hz 75.0%
509,2026-04-19T13:56:22.357241+08:00,508.167,19997,75.0,> cmd_pwm_measure2_read: 19997Hz 75.0%
510,2026-04-19T13:56:23.356231+08:00,509.166,19997,75.0,> cmd_pwm_measure2_read: 19997Hz 75.0%
511,2026-04-19T13:56:24.356016+08:00,510.166,19997,75.0,> cmd_pwm_measure2_read: 19997Hz 75.0%
512,2026-04-19T13:56:25.358082+08:00,511.167,19997,75.0,> cmd_pwm_measure2_read: 19997Hz 75.0%
513,2026-04-19T13:56:26.355688+08:00,512.166,19997,75.0,> cmd_pwm_measure2_read: 19997Hz 75.0%
514,2026-04-19T13:56:27.356065+08:00,513.166,19997,75.0,> cmd_pwm_measure2_read: 19997Hz 75.0%
515,2026-04-19T13:56:28.356075+08:00,514.167,19997,75.0,> cmd_pwm_measure2_read: 19997Hz 75.0%
516,2026-04-19T13:56:29.356076+08:00,515.166,19997,75.0,> cmd_pwm_measure2_read: 19997Hz 75.0%
517,2026-04-19T13:56:30.356151+08:00,516.166,19997,75.0,> cmd_pwm_measure2_read: 19997Hz 75.0%
518,2026-04-19T13:56:31.358044+08:00,517.167,19997,75.0,> cmd_pwm_measure2_read: 19997Hz 75.0%
519,2026-04-19T13:56:32.356186+08:00,518.167,19997,75.0,> cmd_pwm_measure2_read: 19997Hz 75.0%
520,2026-04-19T13:56:33.356175+08:00,519.166,19997,75.0,> cmd_pwm_measure2_read: 19997Hz 75.0%
521,2026-04-19T13:56:34.358156+08:00,520.167,19997,75.0,> cmd_pwm_measure2_read: 19997Hz 75.0%
522,2026-04-19T13:56:35.356047+08:00,521.165,19997,75.0,> cmd_pwm_measure2_read: 19997Hz 75.0%
523,2026-04-19T13:56:36.358164+08:00,522.168,19997,75.0,> cmd_pwm_measure2_read: 19997Hz 75.0%
524,2026-04-19T13:56:37.354003+08:00,523.164,19997,75.0,> cmd_pwm_measure2_read: 19997Hz 75.0%
525,2026-04-19T13:56:38.355904+08:00,524.166,19997,75.0,> cmd_pwm_measure2_read: 19997Hz 75.0%
526,2026-04-19T13:56:39.357403+08:00,525.167,19997,75.0,> cmd_pwm_measure2_read: 19997Hz 75.0%
527,2026-04-19T13:56:40.358168+08:00,526.168,19997,75.0,> cmd_pwm_measure2_read: 19997Hz 75.0%
528,2026-04-19T13:56:41.354828+08:00,527.164,19997,75.0,> cmd_pwm_measure2_read: 19997Hz 75.0%
529,2026-04-19T13:56:42.355899+08:00,528.164,19997,75.0,> cmd_pwm_measure2_read: 19997Hz 75.0%
530,2026-04-19T13:56:43.356266+08:00,529.166,19997,75.0,> cmd_pwm_measure2_read: 19997Hz 75.0%
531,2026-04-19T13:56:44.357440+08:00,530.167,19997,75.0,> cmd_pwm_measure2_read: 19997Hz 75.0%
532,2026-04-19T13:56:45.354432+08:00,531.164,19997,75.0,> cmd_pwm_measure2_read: 19997Hz 75.0%
533,2026-04-19T13:56:46.355427+08:00,532.165,19997,75.0,> cmd_pwm_measure2_read: 19997Hz 75.0%
534,2026-04-19T13:56:47.354989+08:00,533.164,19997,75.0,> cmd_pwm_measure2_read: 19997Hz 75.0%
535,2026-04-19T13:56:48.355445+08:00,534.165,19997,75.0,> cmd_pwm_measure2_read: 19997Hz 75.0%
536,2026-04-19T13:56:49.354716+08:00,535.164,19997,75.0,> cmd_pwm_measure2_read: 19997Hz 75.0%
537,2026-04-19T13:56:50.358236+08:00,536.168,19997,75.0,> cmd_pwm_measure2_read: 19997Hz 75.0%
538,2026-04-19T13:56:51.358235+08:00,537.168,19997,75.0,> cmd_pwm_measure2_read: 19997Hz 75.0%
539,2026-04-19T13:56:52.358234+08:00,538.167,19997,75.0,> cmd_pwm_measure2_read: 19997Hz 75.0%
540,2026-04-19T13:56:53.358251+08:00,539.166,19997,75.0,> cmd_pwm_measure2_read: 19997Hz 75.0%
541,2026-04-19T13:56:54.358258+08:00,540.168,19997,75.0,> cmd_pwm_measure2_read: 19997Hz 75.0%
542,2026-04-19T13:56:55.357885+08:00,541.168,19997,75.0,> cmd_pwm_measure2_read: 19997Hz 75.0%
543,2026-04-19T13:56:56.354823+08:00,542.164,19997,75.0,> cmd_pwm_measure2_read: 19997Hz 75.0%
544,2026-04-19T13:56:57.353536+08:00,543.163,19997,75.0,> cmd_pwm_measure2_read: 19997Hz 75.0%
545,2026-04-19T13:56:58.358250+08:00,544.167,19997,75.0,> cmd_pwm_measure2_read: 19997Hz 75.0%
546,2026-04-19T13:56:59.358274+08:00,545.168,19997,75.0,> cmd_pwm_measure2_read: 19997Hz 75.0%
547,2026-04-19T13:57:00.358267+08:00,546.168,19997,75.0,> cmd_pwm_measure2_read: 19997Hz 75.0%
548,2026-04-19T13:57:01.353545+08:00,547.163,19997,75.0,> cmd_pwm_measure2_read: 19997Hz 75.0%
549,2026-04-19T13:57:02.358267+08:00,548.168,19997,75.0,> cmd_pwm_measure2_read: 19997Hz 75.0%
550,2026-04-19T13:57:03.354117+08:00,549.164,19997,75.0,> cmd_pwm_measure2_read: 19997Hz 75.0%
551,2026-04-19T13:57:04.354259+08:00,550.163,19997,75.0,> cmd_pwm_measure2_read: 19997Hz 75.0%
552,2026-04-19T13:57:05.355989+08:00,551.166,19997,75.0,> cmd_pwm_measure2_read: 19997Hz 75.0%
553,2026-04-19T13:57:06.357492+08:00,552.168,19997,75.0,> cmd_pwm_measure2_read: 19997Hz 75.0%
554,2026-04-19T13:57:07.354798+08:00,553.165,19997,75.0,> cmd_pwm_measure2_read: 19997Hz 75.0%
555,2026-04-19T13:57:08.357571+08:00,554.168,19997,75.0,> cmd_pwm_measure2_read: 19997Hz 75.0%
556,2026-04-19T13:57:09.358335+08:00,555.168,19997,75.0,> cmd_pwm_measure2_read: 19997Hz 75.0%
557,2026-04-19T13:57:10.357574+08:00,556.168,19997,75.0,> cmd_pwm_measure2_read: 19997Hz 75.0%
558,2026-04-19T13:57:11.358365+08:00,557.168,19997,75.0,> cmd_pwm_measure2_read: 19997Hz 75.0%
559,2026-04-19T13:57:12.358337+08:00,558.169,19997,75.0,> cmd_pwm_measure2_read: 19997Hz 75.0%
560,2026-04-19T13:57:13.353697+08:00,559.163,19997,75.0,> cmd_pwm_measure2_read: 19997Hz 75.0%
561,2026-04-19T13:57:14.356023+08:00,560.165,19997,75.0,> cmd_pwm_measure2_read: 19997Hz 75.0%
562,2026-04-19T13:57:15.355961+08:00,561.165,19997,75.0,> cmd_pwm_measure2_read: 19997Hz 75.0%
563,2026-04-19T13:57:16.357955+08:00,562.168,19997,75.0,> cmd_pwm_measure2_read: 19997Hz 75.0%
564,2026-04-19T13:57:17.356813+08:00,563.166,19997,75.0,> cmd_pwm_measure2_read: 19997Hz 75.0%
565,2026-04-19T13:57:18.358377+08:00,564.168,19997,75.0,> cmd_pwm_measure2_read: 19997Hz 75.0%
566,2026-04-19T13:57:19.353903+08:00,565.163,19997,75.0,> cmd_pwm_measure2_read: 19997Hz 75.0%
567,2026-04-19T13:57:20.358392+08:00,566.170,19997,75.0,> cmd_pwm_measure2_read: 19997Hz 75.0%
568,2026-04-19T13:57:21.353637+08:00,567.162,19997,75.0,> cmd_pwm_measure2_read: 19997Hz 75.0%
569,2026-04-19T13:57:22.358394+08:00,568.170,19997,75.0,> cmd_pwm_measure2_read: 19997Hz 75.0%
570,2026-04-19T13:57:23.355781+08:00,569.166,19997,75.0,> cmd_pwm_measure2_read: 19997Hz 75.0%
571,2026-04-19T13:57:24.356056+08:00,570.166,19997,75.0,> cmd_pwm_measure2_read: 19997Hz 75.0%
572,2026-04-19T13:57:25.355017+08:00,571.165,19997,75.0,> cmd_pwm_measure2_read: 19997Hz 75.0%
573,2026-04-19T13:57:26.358404+08:00,572.167,19997,75.0,> cmd_pwm_measure2_read: 19997Hz 75.0%
574,2026-04-19T13:57:27.355295+08:00,573.166,19997,75.0,> cmd_pwm_measure2_read: 19997Hz 75.0%
575,2026-04-19T13:57:28.356096+08:00,574.166,19997,75.0,> cmd_pwm_measure2_read: 19997Hz 75.0%
576,2026-04-19T13:57:29.355932+08:00,575.166,19997,75.0,> cmd_pwm_measure2_read: 19997Hz 75.0%
577,2026-04-19T13:57:30.356050+08:00,576.165,19997,75.0,> cmd_pwm_measure2_read: 19997Hz 75.0%
578,2026-04-19T13:57:31.356065+08:00,577.166,19997,75.0,> cmd_pwm_measure2_read: 19997Hz 75.0%
579,2026-04-19T13:57:32.353807+08:00,578.162,19997,75.0,> cmd_pwm_measure2_read: 19997Hz 75.0%
580,2026-04-19T13:57:33.355982+08:00,579.166,19997,75.0,> cmd_pwm_measure2_read: 19997Hz 75.0%
581,2026-04-19T13:57:34.358459+08:00,580.168,19997,75.0,> cmd_pwm_measure2_read: 19997Hz 75.0%
582,2026-04-19T13:57:35.356126+08:00,581.166,19997,75.0,> cmd_pwm_measure2_read: 19997Hz 75.0%
583,2026-04-19T13:57:36.356188+08:00,582.166,19997,75.0,> cmd_pwm_measure2_read: 19997Hz 75.0%
584,2026-04-19T13:57:37.356355+08:00,583.166,19997,75.0,> cmd_pwm_measure2_read: 19997Hz 75.0%
585,2026-04-19T13:57:38.355923+08:00,584.166,19997,75.0,> cmd_pwm_measure2_read: 19997Hz 75.0%
586,2026-04-19T13:57:39.353735+08:00,585.164,19997,75.0,> cmd_pwm_measure2_read: 19997Hz 75.0%
587,2026-04-19T13:57:40.353837+08:00,586.163,19997,75.0,> cmd_pwm_measure2_read: 19997Hz 75.0%
588,2026-04-19T13:57:41.353619+08:00,587.163,19997,75.0,> cmd_pwm_measure2_read: 19997Hz 75.0%
589,2026-04-19T13:57:42.353811+08:00,588.164,19997,75.0,> cmd_pwm_measure2_read: 19997Hz 75.0%
590,2026-04-19T13:57:43.356643+08:00,589.165,19997,75.0,> cmd_pwm_measure2_read: 19997Hz 75.0%
591,2026-04-19T13:57:44.357352+08:00,590.166,19997,75.0,> cmd_pwm_measure2_read: 19997Hz 75.0%
592,2026-04-19T13:57:45.356191+08:00,591.165,19997,75.0,> cmd_pwm_measure2_read: 19997Hz 75.0%
593,2026-04-19T13:57:46.357323+08:00,592.166,19997,75.0,> cmd_pwm_measure2_read: 19997Hz 75.0%
594,2026-04-19T13:57:47.356108+08:00,593.166,19997,75.0,> cmd_pwm_measure2_read: 19997Hz 75.0%
595,2026-04-19T13:57:48.358546+08:00,594.168,19997,75.0,> cmd_pwm_measure2_read: 19997Hz 75.0%
596,2026-04-19T13:57:49.356233+08:00,595.165,19997,75.0,> cmd_pwm_measure2_read: 19997Hz 75.0%
597,2026-04-19T13:57:50.354755+08:00,596.164,19997,75.0,> cmd_pwm_measure2_read: 19997Hz 75.0%
598,2026-04-19T13:57:51.356276+08:00,597.166,19997,75.0,> cmd_pwm_measure2_read: 19997Hz 75.0%
599,2026-04-19T13:57:52.357306+08:00,598.167,19997,75.0,> cmd_pwm_measure2_read: 19997Hz 75.0%
600,2026-04-19T13:57:53.354072+08:00,599.164,19997,75.0,> cmd_pwm_measure2_read: 19997Hz 75.0%
601,2026-04-19T13:57:54.356302+08:00,600.165,19997,75.0,> cmd_pwm_measure2_read: 19997Hz 75.0%
602,2026-04-19T13:57:55.358122+08:00,601.168,19997,75.0,> cmd_pwm_measure2_read: 19997Hz 75.0%
603,2026-04-19T13:57:56.358584+08:00,602.168,19997,75.0,> cmd_pwm_measure2_read: 19997Hz 75.0%
604,2026-04-19T13:57:57.354052+08:00,603.164,19997,75.0,> cmd_pwm_measure2_read: 19997Hz 75.0%
605,2026-04-19T13:57:58.354784+08:00,604.165,19997,75.0,> cmd_pwm_measure2_read: 19997Hz 75.0%
606,2026-04-19T13:57:59.358602+08:00,605.169,19997,75.0,> cmd_pwm_measure2_read: 19997Hz 75.0%
607,2026-04-19T13:58:00.357620+08:00,606.166,19997,75.0,> cmd_pwm_measure2_read: 19997Hz 75.0%
608,2026-04-19T13:58:01.353633+08:00,607.164,19997,75.0,> cmd_pwm_measure2_read: 19997Hz 75.0%
609,2026-04-19T13:58:02.355296+08:00,608.164,19997,75.0,> cmd_pwm_measure2_read: 19997Hz 75.0%
610,2026-04-19T13:58:03.356254+08:00,609.166,19997,75.0,> cmd_pwm_measure2_read: 19997Hz 75.0%
611,2026-04-19T13:58:04.358611+08:00,610.168,19997,75.0,> cmd_pwm_measure2_read: 19997Hz 75.0%
612,2026-04-19T13:58:05.358614+08:00,611.167,19997,75.0,> cmd_pwm_measure2_read: 19997Hz 75.0%
613,2026-04-19T13:58:06.357103+08:00,612.166,19997,75.0,> cmd_pwm_measure2_read: 19997Hz 75.0%
614,2026-04-19T13:58:07.354514+08:00,613.164,19997,75.0,> cmd_pwm_measure2_read: 19997Hz 75.0%
615,2026-04-19T13:58:08.356231+08:00,614.165,19997,75.0,> cmd_pwm_measure2_read: 19997Hz 75.0%
616,2026-04-19T13:58:09.358639+08:00,615.168,19997,75.0,> cmd_pwm_measure2_read: 19997Hz 75.0%
617,2026-04-19T13:58:10.356518+08:00,616.166,19997,75.0,> cmd_pwm_measure2_read: 19997Hz 75.0%
618,2026-04-19T13:58:11.356826+08:00,617.165,19997,75.0,> cmd_pwm_measure2_read: 19997Hz 75.0%
619,2026-04-19T13:58:12.356004+08:00,618.166,19997,75.0,> cmd_pwm_measure2_read: 19997Hz 75.0%
620,2026-04-19T13:58:13.356180+08:00,619.166,19997,75.0,> cmd_pwm_measure2_read: 19997Hz 75.0%
621,2026-04-19T13:58:14.356925+08:00,620.167,19997,75.0,> cmd_pwm_measure2_read: 19997Hz 75.0%
622,2026-04-19T13:58:15.358234+08:00,621.168,19997,75.0,> cmd_pwm_measure2_read: 19997Hz 75.0%
623,2026-04-19T13:58:16.357102+08:00,622.166,19997,75.0,> cmd_pwm_measure2_read: 19997Hz 75.0%
624,2026-04-19T13:58:17.358698+08:00,623.169,19997,75.0,> cmd_pwm_measure2_read: 19997Hz 75.0%
625,2026-04-19T13:58:18.356680+08:00,624.167,19997,75.0,> cmd_pwm_measure2_read: 19997Hz 75.0%
626,2026-04-19T13:58:19.357007+08:00,625.166,19997,75.0,> cmd_pwm_measure2_read: 19997Hz 75.0%
627,2026-04-19T13:58:20.355436+08:00,626.165,19997,75.0,> cmd_pwm_measure2_read: 19997Hz 75.0%
628,2026-04-19T13:58:21.353984+08:00,627.163,19997,75.0,> cmd_pwm_measure2_read: 19997Hz 75.0%
629,2026-04-19T13:58:22.357657+08:00,628.166,19997,75.0,> cmd_pwm_measure2_read: 19997Hz 75.0%
630,2026-04-19T13:58:23.355494+08:00,629.165,19997,75.0,> cmd_pwm_measure2_read: 19997Hz 75.0%
631,2026-04-19T13:58:24.356443+08:00,630.165,19997,75.0,> cmd_pwm_measure2_read: 19997Hz 75.0%
632,2026-04-19T13:58:25.354745+08:00,631.164,19997,75.0,> cmd_pwm_measure2_read: 19997Hz 75.0%
633,2026-04-19T13:58:26.358726+08:00,632.168,19997,75.0,> cmd_pwm_measure2_read: 19997Hz 75.0%
634,2026-04-19T13:58:27.354752+08:00,633.164,19997,75.0,> cmd_pwm_measure2_read: 19997Hz 75.0%
635,2026-04-19T13:58:28.354830+08:00,634.164,19997,75.0,> cmd_pwm_measure2_read: 19997Hz 75.0%
636,2026-04-19T13:58:29.357636+08:00,635.167,19997,75.0,> cmd_pwm_measure2_read: 19997Hz 75.0%
637,2026-04-19T13:58:30.354598+08:00,636.164,19997,75.0,> cmd_pwm_measure2_read: 19997Hz 75.0%
638,2026-04-19T13:58:31.356675+08:00,637.167,19997,75.0,> cmd_pwm_measure2_read: 19997Hz 75.0%
639,2026-04-19T13:58:32.358769+08:00,638.169,19997,75.0,> cmd_pwm_measure2_read: 19997Hz 75.0%
640,2026-04-19T13:58:33.356681+08:00,639.166,19997,75.0,> cmd_pwm_measure2_read: 19997Hz 75.0%
641,2026-04-19T13:58:34.356043+08:00,640.165,19997,75.0,> cmd_pwm_measure2_read: 19997Hz 75.0%
642,2026-04-19T13:58:35.354635+08:00,641.165,19997,75.0,> cmd_pwm_measure2_read: 19997Hz 75.0%
643,2026-04-19T13:58:36.357007+08:00,642.167,19997,75.0,> cmd_pwm_measure2_read: 19997Hz 75.0%
644,2026-04-19T13:58:37.353923+08:00,643.163,19997,75.0,> cmd_pwm_measure2_read: 19997Hz 75.0%
645,2026-04-19T13:58:38.354020+08:00,644.163,19997,75.0,> cmd_pwm_measure2_read: 19997Hz 75.0%
646,2026-04-19T13:58:39.355677+08:00,645.164,19997,75.0,> cmd_pwm_measure2_read: 19997Hz 75.0%
647,2026-04-19T13:58:40.356826+08:00,646.166,19997,75.0,> cmd_pwm_measure2_read: 19997Hz 75.0%
648,2026-04-19T13:58:41.358823+08:00,647.168,19997,75.0,> cmd_pwm_measure2_read: 19997Hz 75.0%
649,2026-04-19T13:58:42.354480+08:00,648.164,19997,75.0,> cmd_pwm_measure2_read: 19997Hz 75.0%
650,2026-04-19T13:58:43.355766+08:00,649.165,19997,75.0,> cmd_pwm_measure2_read: 19997Hz 75.0%
651,2026-04-19T13:58:44.356026+08:00,650.165,19997,75.0,> cmd_pwm_measure2_read: 19997Hz 75.0%
652,2026-04-19T13:58:45.358087+08:00,651.167,19997,75.0,> cmd_pwm_measure2_read: 19997Hz 75.0%
653,2026-04-19T13:58:46.356669+08:00,652.166,19997,75.0,> cmd_pwm_measure2_read: 19997Hz 75.0%
654,2026-04-19T13:58:47.356331+08:00,653.165,19997,75.0,> cmd_pwm_measure2_read: 19997Hz 75.0%
655,2026-04-19T13:58:48.358842+08:00,654.167,19997,75.0,> cmd_pwm_measure2_read: 19997Hz 75.0%
656,2026-04-19T13:58:49.358846+08:00,655.168,19997,75.0,> cmd_pwm_measure2_read: 19997Hz 75.0%
657,2026-04-19T13:58:50.353870+08:00,656.162,19997,75.0,> cmd_pwm_measure2_read: 19997Hz 75.0%
658,2026-04-19T13:58:51.357324+08:00,657.166,19997,75.0,> cmd_pwm_measure2_read: 19997Hz 75.0%
659,2026-04-19T13:58:52.354715+08:00,658.163,19997,75.0,> cmd_pwm_measure2_read: 19997Hz 75.0%
660,2026-04-19T13:58:53.358564+08:00,659.167,19997,75.0,> cmd_pwm_measure2_read: 19997Hz 75.0%
661,2026-04-19T13:58:54.357644+08:00,660.167,19997,75.0,> cmd_pwm_measure2_read: 19997Hz 75.0%
662,2026-04-19T13:58:55.358879+08:00,661.167,19997,75.0,> cmd_pwm_measure2_read: 19997Hz 75.0%
663,2026-04-19T13:58:56.356289+08:00,662.165,19997,75.0,> cmd_pwm_measure2_read: 19997Hz 75.0%
664,2026-04-19T13:58:57.354749+08:00,663.164,19997,75.0,> cmd_pwm_measure2_read: 19997Hz 75.0%
665,2026-04-19T13:58:58.355453+08:00,664.165,19997,75.0,> cmd_pwm_measure2_read: 19997Hz 75.0%
666,2026-04-19T13:58:59.358918+08:00,665.168,19997,75.0,> cmd_pwm_measure2_read: 19997Hz 75.0%
667,2026-04-19T13:59:00.358927+08:00,666.168,19997,75.0,> cmd_pwm_measure2_read: 19997Hz 75.0%
668,2026-04-19T13:59:01.354814+08:00,667.163,19997,75.0,> cmd_pwm_measure2_read: 19997Hz 75.0%
669,2026-04-19T13:59:02.356443+08:00,668.166,19997,75.0,> cmd_pwm_measure2_read: 19997Hz 75.0%
670,2026-04-19T13:59:03.357981+08:00,669.168,19997,75.0,> cmd_pwm_measure2_read: 19997Hz 75.0%
671,2026-04-19T13:59:04.354693+08:00,670.164,19997,75.0,> cmd_pwm_measure2_read: 19997Hz 75.0%
672,2026-04-19T13:59:05.357952+08:00,671.168,19997,75.0,> cmd_pwm_measure2_read: 19997Hz 75.0%
673,2026-04-19T13:59:06.357721+08:00,672.166,19997,75.0,> cmd_pwm_measure2_read: 19997Hz 75.0%
674,2026-04-19T13:59:07.358964+08:00,673.169,19997,75.0,> cmd_pwm_measure2_read: 19997Hz 75.0%
675,2026-04-19T13:59:08.358951+08:00,674.168,19997,75.0,> cmd_pwm_measure2_read: 19997Hz 75.0%
676,2026-04-19T13:59:09.354982+08:00,675.164,19997,75.0,> cmd_pwm_measure2_read: 19997Hz 75.0%
677,2026-04-19T13:59:10.356939+08:00,676.166,19997,75.0,> cmd_pwm_measure2_read: 19997Hz 75.0%
678,2026-04-19T13:59:11.358968+08:00,677.168,19997,75.0,> cmd_pwm_measure2_read: 19997Hz 75.0%
679,2026-04-19T13:59:12.355913+08:00,678.163,19997,75.0,> cmd_pwm_measure2_read: 19997Hz 75.0%
680,2026-04-19T13:59:13.356015+08:00,679.165,19997,75.0,> cmd_pwm_measure2_read: 19997Hz 75.0%
681,2026-04-19T13:59:14.354392+08:00,680.163,19997,75.0,> cmd_pwm_measure2_read: 19997Hz 75.0%
682,2026-04-19T13:59:15.354611+08:00,681.163,19997,75.0,> cmd_pwm_measure2_read: 19997Hz 75.0%
683,2026-04-19T13:59:16.356944+08:00,682.166,19997,75.0,> cmd_pwm_measure2_read: 19997Hz 75.0%
684,2026-04-19T13:59:17.355293+08:00,683.164,19997,75.0,> cmd_pwm_measure2_read: 19997Hz 75.0%
685,2026-04-19T13:59:18.357909+08:00,684.167,19997,75.0,> cmd_pwm_measure2_read: 19997Hz 75.0%
686,2026-04-19T13:59:19.355600+08:00,685.165,19997,75.0,> cmd_pwm_measure2_read: 19997Hz 75.0%
687,2026-04-19T13:59:20.356848+08:00,686.166,19997,75.0,> cmd_pwm_measure2_read: 19997Hz 75.0%
688,2026-04-19T13:59:21.359037+08:00,687.169,19997,75.0,> cmd_pwm_measure2_read: 19997Hz 75.0%
689,2026-04-19T13:59:22.356672+08:00,688.166,19997,75.0,> cmd_pwm_measure2_read: 19997Hz 75.0%
690,2026-04-19T13:59:23.356537+08:00,689.166,19997,75.0,> cmd_pwm_measure2_read: 19997Hz 75.0%
691,2026-04-19T13:59:24.357055+08:00,690.167,19997,75.0,> cmd_pwm_measure2_read: 19997Hz 75.0%
692,2026-04-19T13:59:25.356220+08:00,691.166,19997,75.0,> cmd_pwm_measure2_read: 19997Hz 75.0%
693,2026-04-19T13:59:26.355298+08:00,692.164,19997,75.0,> cmd_pwm_measure2_read: 19997Hz 75.0%
694,2026-04-19T13:59:27.357099+08:00,693.166,19997,75.0,> cmd_pwm_measure2_read: 19997Hz 75.0%
695,2026-04-19T13:59:28.356803+08:00,694.165,19997,75.0,> cmd_pwm_measure2_read: 19997Hz 75.0%
696,2026-04-19T13:59:29.357770+08:00,695.166,19997,75.0,> cmd_pwm_measure2_read: 19997Hz 75.0%
697,2026-04-19T13:59:30.356596+08:00,696.165,19997,75.0,> cmd_pwm_measure2_read: 19997Hz 75.0%
698,2026-04-19T13:59:31.359069+08:00,697.168,19997,75.0,> cmd_pwm_measure2_read: 19997Hz 75.0%
699,2026-04-19T13:59:32.359078+08:00,698.168,19997,75.0,> cmd_pwm_measure2_read: 19997Hz 75.0%
700,2026-04-19T13:59:33.356377+08:00,699.165,19997,75.0,> cmd_pwm_measure2_read: 19997Hz 75.0%
701,2026-04-19T13:59:34.354542+08:00,700.163,19997,75.0,> cmd_pwm_measure2_read: 19997Hz 75.0%
702,2026-04-19T13:59:35.356949+08:00,701.166,19997,75.0,> cmd_pwm_measure2_read: 19997Hz 75.0%
703,2026-04-19T13:59:36.354291+08:00,702.163,19997,75.0,> cmd_pwm_measure2_read: 19997Hz 75.0%
704,2026-04-19T13:59:37.355606+08:00,703.164,19997,75.0,> cmd_pwm_measure2_read: 19997Hz 75.0%
705,2026-04-19T13:59:38.358594+08:00,704.168,19997,75.0,> cmd_pwm_measure2_read: 19997Hz 75.0%
706,2026-04-19T13:59:39.356963+08:00,705.166,19997,75.0,> cmd_pwm_measure2_read: 19997Hz 75.0%
707,2026-04-19T13:59:40.356788+08:00,706.165,19997,75.0,> cmd_pwm_measure2_read: 19997Hz 75.0%
708,2026-04-19T13:59:41.355710+08:00,707.165,19997,75.0,> cmd_pwm_measure2_read: 19997Hz 75.0%
709,2026-04-19T13:59:42.358834+08:00,708.167,19997,75.0,> cmd_pwm_measure2_read: 19997Hz 75.0%
710,2026-04-19T13:59:43.355997+08:00,709.165,19997,75.0,> cmd_pwm_measure2_read: 19997Hz 75.0%
711,2026-04-19T13:59:44.355999+08:00,710.164,19997,75.0,> cmd_pwm_measure2_read: 19997Hz 75.0%
712,2026-04-19T13:59:45.359160+08:00,711.168,19997,75.0,> cmd_pwm_measure2_read: 19997Hz 75.0%
713,2026-04-19T13:59:46.355911+08:00,712.165,19997,75.0,> cmd_pwm_measure2_read: 19997Hz 75.0%
714,2026-04-19T13:59:47.359032+08:00,713.169,19997,75.0,> cmd_pwm_measure2_read: 19997Hz 75.0%
715,2026-04-19T13:59:48.357989+08:00,714.167,19997,75.0,> cmd_pwm_measure2_read: 19997Hz 75.0%
716,2026-04-19T13:59:49.354761+08:00,715.164,19997,75.0,> cmd_pwm_measure2_read: 19997Hz 75.0%
717,2026-04-19T13:59:50.354543+08:00,716.163,19997,75.0,> cmd_pwm_measure2_read: 19997Hz 75.0%
718,2026-04-19T13:59:51.359186+08:00,717.167,19997,75.0,> cmd_pwm_measure2_read: 19997Hz 75.0%
719,2026-04-19T13:59:52.354838+08:00,718.164,19997,75.0,> cmd_pwm_measure2_read: 19997Hz 75.0%
720,2026-04-19T13:59:53.357797+08:00,719.167,19997,75.0,> cmd_pwm_measure2_read: 19997Hz 75.0%
721,2026-04-19T13:59:54.355686+08:00,720.165,19997,75.0,> cmd_pwm_measure2_read: 19997Hz 75.0%
722,2026-04-19T13:59:55.355873+08:00,721.165,19997,75.0,> cmd_pwm_measure2_read: 19997Hz 75.0%
723,2026-04-19T13:59:56.356336+08:00,722.165,19997,75.0,> cmd_pwm_measure2_read: 19997Hz 75.0%
724,2026-04-19T13:59:57.357078+08:00,723.165,19997,75.0,> cmd_pwm_measure2_read: 19997Hz 75.0%
725,2026-04-19T13:59:58.357057+08:00,724.166,19997,75.0,> cmd_pwm_measure2_read: 19997Hz 75.0%
726,2026-04-19T13:59:59.359221+08:00,725.168,19997,75.0,> cmd_pwm_measure2_read: 19997Hz 75.0%
727,2026-04-19T14:00:00.356175+08:00,726.165,19997,75.0,> cmd_pwm_measure2_read: 19997Hz 75.0%
728,2026-04-19T14:00:01.356105+08:00,727.165,19997,75.0,> cmd_pwm_measure2_read: 19997Hz 75.0%
729,2026-04-19T14:00:02.356945+08:00,728.165,19997,75.0,> cmd_pwm_measure2_read: 19997Hz 75.0%
730,2026-04-19T14:00:03.355643+08:00,729.164,19997,75.0,> cmd_pwm_measure2_read: 19997Hz 75.0%
731,2026-04-19T14:00:04.355135+08:00,730.165,19997,75.0,> cmd_pwm_measure2_read: 19997Hz 75.0%
732,2026-04-19T14:00:05.358697+08:00,731.167,19997,75.0,> cmd_pwm_measure2_read: 19997Hz 75.0%
733,2026-04-19T14:00:06.354564+08:00,732.163,19997,75.0,> cmd_pwm_measure2_read: 19997Hz 75.0%
734,2026-04-19T14:00:07.359257+08:00,733.168,19997,75.0,> cmd_pwm_measure2_read: 19997Hz 75.0%
735,2026-04-19T14:00:08.354431+08:00,734.163,19997,75.0,> cmd_pwm_measure2_read: 19997Hz 75.0%
736,2026-04-19T14:00:09.359281+08:00,735.168,19997,75.0,> cmd_pwm_measure2_read: 19997Hz 75.0%
737,2026-04-19T14:00:10.358913+08:00,736.168,19997,75.0,> cmd_pwm_measure2_read: 19997Hz 75.0%
738,2026-04-19T14:00:11.356916+08:00,737.166,19997,75.0,> cmd_pwm_measure2_read: 19997Hz 75.0%
739,2026-04-19T14:00:12.354812+08:00,738.164,19997,75.0,> cmd_pwm_measure2_read: 19997Hz 75.0%
740,2026-04-19T14:00:13.359313+08:00,739.168,19997,75.0,> cmd_pwm_measure2_read: 19997Hz 75.0%
741,2026-04-19T14:00:14.354673+08:00,740.164,19997,75.0,> cmd_pwm_measure2_read: 19997Hz 75.0%
742,2026-04-19T14:00:15.355479+08:00,741.164,19997,75.0,> cmd_pwm_measure2_read: 19997Hz 75.0%
743,2026-04-19T14:00:16.354899+08:00,742.163,19997,75.0,> cmd_pwm_measure2_read: 19997Hz 75.0%
744,2026-04-19T14:00:17.358938+08:00,743.167,19997,75.0,> cmd_pwm_measure2_read: 19997Hz 75.0%
745,2026-04-19T14:00:18.358407+08:00,744.167,19997,75.0,> cmd_pwm_measure2_read: 19997Hz 75.0%
746,2026-04-19T14:00:19.358309+08:00,745.165,19997,75.0,> cmd_pwm_measure2_read: 19997Hz 75.0%
747,2026-04-19T14:00:20.358767+08:00,746.167,19997,75.0,> cmd_pwm_measure2_read: 19997Hz 75.0%
748,2026-04-19T14:00:21.357847+08:00,747.166,19997,75.0,> cmd_pwm_measure2_read: 19997Hz 75.0%
749,2026-04-19T14:00:22.355915+08:00,748.164,19997,75.0,> cmd_pwm_measure2_read: 19997Hz 75.0%
750,2026-04-19T14:00:23.355839+08:00,749.164,19997,75.0,> cmd_pwm_measure2_read: 19997Hz 75.0%
751,2026-04-19T14:00:24.359361+08:00,750.168,19997,75.0,> cmd_pwm_measure2_read: 19997Hz 75.0%
752,2026-04-19T14:00:25.355854+08:00,751.165,19997,75.0,> cmd_pwm_measure2_read: 19997Hz 75.0%
753,2026-04-19T14:00:26.359380+08:00,752.168,19997,75.0,> cmd_pwm_measure2_read: 19997Hz 75.0%
754,2026-04-19T14:00:27.358735+08:00,753.168,19997,75.0,> cmd_pwm_measure2_read: 19997Hz 75.0%
755,2026-04-19T14:00:28.358923+08:00,754.168,19997,75.0,> cmd_pwm_measure2_read: 19997Hz 75.0%
756,2026-04-19T14:00:29.359023+08:00,755.168,19997,75.0,> cmd_pwm_measure2_read: 19997Hz 75.0%
757,2026-04-19T14:00:30.354471+08:00,756.162,19997,75.0,> cmd_pwm_measure2_read: 19997Hz 75.0%
758,2026-04-19T14:00:31.359408+08:00,757.169,19997,75.0,> cmd_pwm_measure2_read: 19997Hz 75.0%
759,2026-04-19T14:00:32.355029+08:00,758.164,19997,75.0,> cmd_pwm_measure2_read: 19997Hz 75.0%
760,2026-04-19T14:00:33.355744+08:00,759.164,19997,75.0,> cmd_pwm_measure2_read: 19997Hz 75.0%
761,2026-04-19T14:00:34.359414+08:00,760.169,19997,75.0,> cmd_pwm_measure2_read: 19997Hz 75.0%
762,2026-04-19T14:00:35.356646+08:00,761.165,19997,75.0,> cmd_pwm_measure2_read: 19997Hz 75.0%
763,2026-04-19T14:00:36.358293+08:00,762.166,19997,75.0,> cmd_pwm_measure2_read: 19997Hz 75.0%
764,2026-04-19T14:00:37.356361+08:00,763.165,19997,75.0,> cmd_pwm_measure2_read: 19997Hz 75.0%
765,2026-04-19T14:00:38.354747+08:00,764.163,19997,75.0,> cmd_pwm_measure2_read: 19997Hz 75.0%
766,2026-04-19T14:00:39.359429+08:00,765.168,19997,75.0,> cmd_pwm_measure2_read: 19997Hz 75.0%
767,2026-04-19T14:00:40.354707+08:00,766.163,19997,75.0,> cmd_pwm_measure2_read: 19997Hz 75.0%
768,2026-04-19T14:00:41.357481+08:00,767.165,19997,75.0,> cmd_pwm_measure2_read: 19997Hz 75.0%
769,2026-04-19T14:00:42.355919+08:00,768.164,19997,75.0,> cmd_pwm_measure2_read: 19997Hz 75.0%
770,2026-04-19T14:00:43.356257+08:00,769.165,19997,75.0,> cmd_pwm_measure2_read: 19997Hz 75.0%
771,2026-04-19T14:00:44.357148+08:00,770.166,19997,75.0,> cmd_pwm_measure2_read: 19997Hz 75.0%
772,2026-04-19T14:00:45.359478+08:00,771.168,19997,75.0,> cmd_pwm_measure2_read: 19997Hz 75.0%
773,2026-04-19T14:00:46.359831+08:00,772.169,19997,75.0,> cmd_pwm_measure2_read: 19997Hz 75.0%
774,2026-04-19T14:00:47.356378+08:00,773.165,19997,75.0,> cmd_pwm_measure2_read: 19997Hz 75.0%
775,2026-04-19T14:00:48.358341+08:00,774.167,19997,75.0,> cmd_pwm_measure2_read: 19997Hz 75.0%
776,2026-04-19T14:00:49.355335+08:00,775.165,19997,75.0,> cmd_pwm_measure2_read: 19997Hz 75.0%
777,2026-04-19T14:00:50.358380+08:00,776.168,19997,75.0,> cmd_pwm_measure2_read: 19997Hz 75.0%
778,2026-04-19T14:00:51.355390+08:00,777.165,19997,75.0,> cmd_pwm_measure2_read: 19997Hz 75.0%
779,2026-04-19T14:00:52.355342+08:00,778.163,19997,75.0,> cmd_pwm_measure2_read: 19997Hz 75.0%
780,2026-04-19T14:00:53.359529+08:00,779.168,19997,75.0,> cmd_pwm_measure2_read: 19997Hz 75.0%
781,2026-04-19T14:00:54.355598+08:00,780.165,19997,75.0,> cmd_pwm_measure2_read: 19997Hz 75.0%
782,2026-04-19T14:00:55.359523+08:00,781.168,19997,75.0,> cmd_pwm_measure2_read: 19997Hz 75.0%
783,2026-04-19T14:00:56.359533+08:00,782.168,19997,75.0,> cmd_pwm_measure2_read: 19997Hz 75.0%
784,2026-04-19T14:00:57.355067+08:00,783.163,19997,75.0,> cmd_pwm_measure2_read: 19997Hz 75.0%
785,2026-04-19T14:00:58.355860+08:00,784.163,19997,75.0,> cmd_pwm_measure2_read: 19997Hz 75.0%
786,2026-04-19T14:00:59.356514+08:00,785.165,19997,75.0,> cmd_pwm_measure2_read: 19997Hz 75.0%
787,2026-04-19T14:01:00.356341+08:00,786.165,19997,75.0,> cmd_pwm_measure2_read: 19997Hz 75.0%
788,2026-04-19T14:01:01.356683+08:00,787.165,19997,75.0,> cmd_pwm_measure2_read: 19997Hz 75.0%
789,2026-04-19T14:01:02.354861+08:00,788.163,19997,75.0,> cmd_pwm_measure2_read: 19997Hz 75.0%
790,2026-04-19T14:01:03.354817+08:00,789.163,19997,75.0,> cmd_pwm_measure2_read: 19997Hz 75.0%
791,2026-04-19T14:01:04.358195+08:00,790.167,19997,75.0,> cmd_pwm_measure2_read: 19997Hz 75.0%
792,2026-04-19T14:01:05.354801+08:00,791.163,19997,75.0,> cmd_pwm_measure2_read: 19997Hz 75.0%
793,2026-04-19T14:01:06.357580+08:00,792.166,19997,75.0,> cmd_pwm_measure2_read: 19997Hz 75.0%
794,2026-04-19T14:01:07.355493+08:00,793.163,19997,75.0,> cmd_pwm_measure2_read: 19997Hz 75.0%
795,2026-04-19T14:01:08.359601+08:00,794.168,19997,75.0,> cmd_pwm_measure2_read: 19997Hz 75.0%
796,2026-04-19T14:01:09.359609+08:00,795.169,19997,75.0,> cmd_pwm_measure2_read: 19997Hz 75.0%
797,2026-04-19T14:01:10.359361+08:00,796.169,19997,75.0,> cmd_pwm_measure2_read: 19997Hz 75.0%
798,2026-04-19T14:01:11.358742+08:00,797.167,19997,75.0,> cmd_pwm_measure2_read: 19997Hz 75.0%
799,2026-04-19T14:01:12.358785+08:00,798.167,19997,75.0,> cmd_pwm_measure2_read: 19997Hz 75.0%
800,2026-04-19T14:01:13.355566+08:00,799.164,19997,75.0,> cmd_pwm_measure2_read: 19997Hz 75.0%
801,2026-04-19T14:01:14.355356+08:00,800.164,19997,75.0,> cmd_pwm_measure2_read: 19997Hz 75.0%
802,2026-04-19T14:01:15.355251+08:00,801.164,19997,75.0,> cmd_pwm_measure2_read: 19997Hz 75.0%
803,2026-04-19T14:01:16.358376+08:00,802.167,19997,75.0,> cmd_pwm_measure2_read: 19997Hz 75.0%
804,2026-04-19T14:01:17.354736+08:00,803.163,19997,75.0,> cmd_pwm_measure2_read: 19997Hz 75.0%
805,2026-04-19T14:01:18.355383+08:00,804.164,19997,75.0,> cmd_pwm_measure2_read: 19997Hz 75.0%
806,2026-04-19T14:01:19.359640+08:00,805.168,19997,75.0,> cmd_pwm_measure2_read: 19997Hz 75.0%
807,2026-04-19T14:01:20.355513+08:00,806.163,19997,75.0,> cmd_pwm_measure2_read: 19997Hz 75.0%
808,2026-04-19T14:01:21.356316+08:00,807.165,19997,75.0,> cmd_pwm_measure2_read: 19997Hz 75.0%
809,2026-04-19T14:01:22.358834+08:00,808.167,19997,75.0,> cmd_pwm_measure2_read: 19997Hz 75.0%
810,2026-04-19T14:01:23.359658+08:00,809.168,19997,75.0,> cmd_pwm_measure2_read: 19997Hz 75.0%
811,2026-04-19T14:01:24.358830+08:00,810.167,19997,75.0,> cmd_pwm_measure2_read: 19997Hz 75.0%
812,2026-04-19T14:01:25.354822+08:00,811.163,19997,75.0,> cmd_pwm_measure2_read: 19997Hz 75.0%
813,2026-04-19T14:01:26.359680+08:00,812.167,19997,75.0,> cmd_pwm_measure2_read: 19997Hz 75.0%
814,2026-04-19T14:01:27.358814+08:00,813.167,19997,75.0,> cmd_pwm_measure2_read: 19997Hz 75.0%
815,2026-04-19T14:01:28.358738+08:00,814.167,19997,75.0,> cmd_pwm_measure2_read: 19997Hz 75.0%
816,2026-04-19T14:01:29.358758+08:00,815.168,19997,75.0,> cmd_pwm_measure2_read: 19997Hz 75.0%
817,2026-04-19T14:01:30.358886+08:00,816.167,19997,75.0,> cmd_pwm_measure2_read: 19997Hz 75.0%
818,2026-04-19T14:01:31.357955+08:00,817.165,19997,75.0,> cmd_pwm_measure2_read: 19997Hz 75.0%
819,2026-04-19T14:01:32.358457+08:00,818.167,19997,75.0,> cmd_pwm_measure2_read: 19997Hz 75.0%
820,2026-04-19T14:01:33.359733+08:00,819.168,19997,75.0,> cmd_pwm_measure2_read: 19997Hz 75.0%
821,2026-04-19T14:01:34.359742+08:00,820.169,19997,75.0,> cmd_pwm_measure2_read: 19997Hz 75.0%
822,2026-04-19T14:01:35.358336+08:00,821.167,19997,75.0,> cmd_pwm_measure2_read: 19997Hz 75.0%
823,2026-04-19T14:01:36.357303+08:00,822.166,19997,75.0,> cmd_pwm_measure2_read: 19997Hz 75.0%
824,2026-04-19T14:01:37.355919+08:00,823.164,19997,75.0,> cmd_pwm_measure2_read: 19997Hz 75.0%
825,2026-04-19T14:01:38.359696+08:00,824.168,19997,75.0,> cmd_pwm_measure2_read: 19997Hz 75.0%
826,2026-04-19T14:01:39.356101+08:00,825.165,19997,75.0,> cmd_pwm_measure2_read: 19997Hz 75.0%
827,2026-04-19T14:01:40.355283+08:00,826.163,19997,75.0,> cmd_pwm_measure2_read: 19997Hz 75.0%
828,2026-04-19T14:01:41.359771+08:00,827.168,19997,75.0,> cmd_pwm_measure2_read: 19997Hz 75.0%
829,2026-04-19T14:01:42.359764+08:00,828.168,19997,75.0,> cmd_pwm_measure2_read: 19997Hz 75.0%
830,2026-04-19T14:01:43.355996+08:00,829.164,19997,75.0,> cmd_pwm_measure2_read: 19997Hz 75.0%
831,2026-04-19T14:01:44.356499+08:00,830.164,19997,75.0,> cmd_pwm_measure2_read: 19997Hz 75.0%
832,2026-04-19T14:01:45.356732+08:00,831.164,19997,75.0,> cmd_pwm_measure2_read: 19997Hz 75.0%
833,2026-04-19T14:01:46.356381+08:00,832.164,19997,75.0,> cmd_pwm_measure2_read: 19997Hz 75.0%
834,2026-04-19T14:01:47.357379+08:00,833.165,19997,75.0,> cmd_pwm_measure2_read: 19997Hz 75.0%
835,2026-04-19T14:01:48.355616+08:00,834.162,19997,75.0,> cmd_pwm_measure2_read: 19997Hz 75.0%
836,2026-04-19T14:01:49.355090+08:00,835.163,19997,75.0,> cmd_pwm_measure2_read: 19997Hz 75.0%
837,2026-04-19T14:01:50.359803+08:00,836.168,19997,75.0,> cmd_pwm_measure2_read: 19997Hz 75.0%
838,2026-04-19T14:01:51.358181+08:00,837.167,19997,75.0,> cmd_pwm_measure2_read: 19997Hz 75.0%
839,2026-04-19T14:01:52.355951+08:00,838.164,19997,75.0,> cmd_pwm_measure2_read: 19997Hz 75.0%
840,2026-04-19T14:01:53.355778+08:00,839.164,19997,75.0,> cmd_pwm_measure2_read: 19997Hz 75.0%
841,2026-04-19T14:01:54.356268+08:00,840.165,19997,75.0,> cmd_pwm_measure2_read: 19997Hz 75.0%
842,2026-04-19T14:01:55.358559+08:00,841.167,19997,75.0,> cmd_pwm_measure2_read: 19997Hz 75.0%
843,2026-04-19T14:01:56.357314+08:00,842.166,19997,75.0,> cmd_pwm_measure2_read: 19997Hz 75.0%
844,2026-04-19T14:01:57.359846+08:00,843.168,19997,75.0,> cmd_pwm_measure2_read: 19997Hz 75.0%
845,2026-04-19T14:01:58.356089+08:00,844.164,19997,75.0,> cmd_pwm_measure2_read: 19997Hz 75.0%
846,2026-04-19T14:01:59.359873+08:00,845.168,19997,75.0,> cmd_pwm_measure2_read: 19997Hz 75.0%
847,2026-04-19T14:02:00.359889+08:00,846.168,19997,75.0,> cmd_pwm_measure2_read: 19997Hz 75.0%
848,2026-04-19T14:02:01.356031+08:00,847.165,19997,75.0,> cmd_pwm_measure2_read: 19997Hz 75.0%
849,2026-04-19T14:02:02.358714+08:00,848.167,19997,75.0,> cmd_pwm_measure2_read: 19997Hz 75.0%
850,2026-04-19T14:02:03.357142+08:00,849.165,19997,75.0,> cmd_pwm_measure2_read: 19997Hz 75.0%
851,2026-04-19T14:02:04.357762+08:00,850.166,19997,75.0,> cmd_pwm_measure2_read: 19997Hz 75.0%
852,2026-04-19T14:02:05.358924+08:00,851.167,19997,75.0,> cmd_pwm_measure2_read: 19997Hz 75.0%
853,2026-04-19T14:02:06.356420+08:00,852.165,19997,75.0,> cmd_pwm_measure2_read: 19997Hz 75.0%
854,2026-04-19T14:02:07.357042+08:00,853.165,19997,75.0,> cmd_pwm_measure2_read: 19997Hz 75.0%
855,2026-04-19T14:02:08.355889+08:00,854.164,19997,75.0,> cmd_pwm_measure2_read: 19997Hz 75.0%
856,2026-04-19T14:02:09.355387+08:00,855.164,19997,75.0,> cmd_pwm_measure2_read: 19997Hz 75.0%
857,2026-04-19T14:02:10.358645+08:00,856.166,19997,75.0,> cmd_pwm_measure2_read: 19997Hz 75.0%
858,2026-04-19T14:02:11.357172+08:00,857.165,19997,75.0,> cmd_pwm_measure2_read: 19997Hz 75.0%
859,2026-04-19T14:02:12.359930+08:00,858.168,19997,75.0,> cmd_pwm_measure2_read: 19997Hz 75.0%
860,2026-04-19T14:02:13.357497+08:00,859.166,19997,75.0,> cmd_pwm_measure2_read: 19997Hz 75.0%
861,2026-04-19T14:02:14.356084+08:00,860.165,19997,75.0,> cmd_pwm_measure2_read: 19997Hz 75.0%
862,2026-04-19T14:02:15.355302+08:00,861.164,19997,75.0,> cmd_pwm_measure2_read: 19997Hz 75.0%
863,2026-04-19T14:02:16.355965+08:00,862.164,19997,75.0,> cmd_pwm_measure2_read: 19997Hz 75.0%
864,2026-04-19T14:02:17.357257+08:00,863.165,19997,75.0,> cmd_pwm_measure2_read: 19997Hz 75.0%
865,2026-04-19T14:02:18.358675+08:00,864.167,19997,75.0,> cmd_pwm_measure2_read: 19997Hz 75.0%
866,2026-04-19T14:02:19.355812+08:00,865.164,19997,75.0,> cmd_pwm_measure2_read: 19997Hz 75.0%
867,2026-04-19T14:02:20.359989+08:00,866.168,19997,75.0,> cmd_pwm_measure2_read: 19997Hz 75.0%
868,2026-04-19T14:02:21.360080+08:00,867.169,19997,75.0,> cmd_pwm_measure2_read: 19997Hz 75.0%
869,2026-04-19T14:02:22.359991+08:00,868.168,19997,75.0,> cmd_pwm_measure2_read: 19997Hz 75.0%
870,2026-04-19T14:02:23.355331+08:00,869.164,19997,75.0,> cmd_pwm_measure2_read: 19997Hz 75.0%
871,2026-04-19T14:02:24.358442+08:00,870.167,19997,75.0,> cmd_pwm_measure2_read: 19997Hz 75.0%
872,2026-04-19T14:02:25.358334+08:00,871.167,19997,75.0,> cmd_pwm_measure2_read: 19997Hz 75.0%
873,2026-04-19T14:02:26.357029+08:00,872.165,19997,75.0,> cmd_pwm_measure2_read: 19997Hz 75.0%
874,2026-04-19T14:02:27.355314+08:00,873.162,19997,75.0,> cmd_pwm_measure2_read: 19997Hz 75.0%
875,2026-04-19T14:02:28.359566+08:00,874.170,19997,75.0,> cmd_pwm_measure2_read: 19997Hz 75.0%
876,2026-04-19T14:02:29.355847+08:00,875.163,19997,75.0,> cmd_pwm_measure2_read: 19997Hz 75.0%
877,2026-04-19T14:02:30.360023+08:00,876.168,19997,75.0,> cmd_pwm_measure2_read: 19997Hz 75.0%
878,2026-04-19T14:02:31.357538+08:00,877.166,19997,75.0,> cmd_pwm_measure2_read: 19997Hz 75.0%
879,2026-04-19T14:02:32.356799+08:00,878.164,19997,75.0,> cmd_pwm_measure2_read: 19997Hz 75.0%
880,2026-04-19T14:02:33.359191+08:00,879.167,19997,75.0,> cmd_pwm_measure2_read: 19997Hz 75.0%
881,2026-04-19T14:02:34.355265+08:00,880.163,19997,75.0,> cmd_pwm_measure2_read: 19997Hz 75.0%
882,2026-04-19T14:02:35.355079+08:00,881.162,19997,75.0,> cmd_pwm_measure2_read: 19997Hz 75.0%
883,2026-04-19T14:02:36.356312+08:00,882.164,19997,75.0,> cmd_pwm_measure2_read: 19997Hz 75.0%
884,2026-04-19T14:02:37.360066+08:00,883.168,19997,75.0,> cmd_pwm_measure2_read: 19997Hz 75.0%
885,2026-04-19T14:02:38.360080+08:00,884.168,19997,75.0,> cmd_pwm_measure2_read: 19997Hz 75.0%
886,2026-04-19T14:02:39.357875+08:00,885.166,19997,75.0,> cmd_pwm_measure2_read: 19997Hz 75.0%
887,2026-04-19T14:02:40.356847+08:00,886.165,19997,75.0,> cmd_pwm_measure2_read: 19997Hz 75.0%
888,2026-04-19T14:02:41.358477+08:00,887.167,19997,75.0,> cmd_pwm_measure2_read: 19997Hz 75.0%
889,2026-04-19T14:02:42.357157+08:00,888.165,19997,75.0,> cmd_pwm_measure2_read: 19997Hz 75.0%
890,2026-04-19T14:02:43.356427+08:00,889.164,19997,75.0,> cmd_pwm_measure2_read: 19997Hz 75.0%
891,2026-04-19T14:02:44.358361+08:00,890.167,19997,75.0,> cmd_pwm_measure2_read: 19997Hz 75.0%
892,2026-04-19T14:02:45.357789+08:00,891.166,19997,75.0,> cmd_pwm_measure2_read: 19997Hz 75.0%
893,2026-04-19T14:02:46.360104+08:00,892.167,19997,75.0,> cmd_pwm_measure2_read: 19997Hz 75.0%
894,2026-04-19T14:02:47.358402+08:00,893.167,19997,75.0,> cmd_pwm_measure2_read: 19997Hz 75.0%
895,2026-04-19T14:02:48.360114+08:00,894.168,19997,75.0,> cmd_pwm_measure2_read: 19997Hz 75.0%
896,2026-04-19T14:02:49.359825+08:00,895.167,19997,75.0,> cmd_pwm_measure2_read: 19997Hz 75.0%
897,2026-04-19T14:02:50.357960+08:00,896.166,19997,75.0,> cmd_pwm_measure2_read: 19997Hz 75.0%
898,2026-04-19T14:02:51.359768+08:00,897.167,19997,75.0,> cmd_pwm_measure2_read: 19997Hz 75.0%
899,2026-04-19T14:02:52.358100+08:00,898.166,19997,75.0,> cmd_pwm_measure2_read: 19997Hz 75.0%
900,2026-04-19T14:02:53.358665+08:00,899.166,19997,75.0,> cmd_pwm_measure2_read: 19997Hz 75.0%
901,2026-04-19T14:02:54.355398+08:00,900.163,19997,75.0,> cmd_pwm_measure2_read: 19997Hz 75.0%
902,2026-04-19T14:02:55.357738+08:00,901.165,19997,75.0,> cmd_pwm_measure2_read: 19997Hz 75.0%
903,2026-04-19T14:02:56.356384+08:00,902.164,19997,75.0,> cmd_pwm_measure2_read: 19997Hz 75.0%
904,2026-04-19T14:02:57.355431+08:00,903.163,19997,75.0,> cmd_pwm_measure2_read: 19997Hz 75.0%
905,2026-04-19T14:02:58.360166+08:00,904.168,19997,75.0,> cmd_pwm_measure2_read: 19997Hz 75.0%
906,2026-04-19T14:02:59.360182+08:00,905.168,19997,75.0,> cmd_pwm_measure2_read: 19997Hz 75.0%
907,2026-04-19T14:03:00.356336+08:00,906.164,19997,75.0,> cmd_pwm_measure2_read: 19997Hz 75.0%
908,2026-04-19T14:03:01.358180+08:00,907.166,19997,75.0,> cmd_pwm_measure2_read: 19997Hz 75.0%
909,2026-04-19T14:03:02.356702+08:00,908.164,19997,75.0,> cmd_pwm_measure2_read: 19997Hz 75.0%
910,2026-04-19T14:03:03.360190+08:00,909.167,19997,75.0,> cmd_pwm_measure2_read: 19997Hz 75.0%
911,2026-04-19T14:03:04.356803+08:00,910.165,19997,75.0,> cmd_pwm_measure2_read: 19997Hz 75.0%
912,2026-04-19T14:03:05.356321+08:00,911.164,19997,75.0,> cmd_pwm_measure2_read: 19997Hz 75.0%
913,2026-04-19T14:03:06.357391+08:00,912.164,19997,75.0,> cmd_pwm_measure2_read: 19997Hz 75.0%
914,2026-04-19T14:03:07.357526+08:00,913.165,19997,75.0,> cmd_pwm_measure2_read: 19997Hz 75.0%
915,2026-04-19T14:03:08.360234+08:00,914.169,19997,75.0,> cmd_pwm_measure2_read: 19997Hz 75.0%
916,2026-04-19T14:03:09.355533+08:00,915.164,19997,75.0,> cmd_pwm_measure2_read: 19997Hz 75.0%
917,2026-04-19T14:03:10.357425+08:00,916.165,19997,75.0,> cmd_pwm_measure2_read: 19997Hz 75.0%
918,2026-04-19T14:03:11.359208+08:00,917.167,19997,75.0,> cmd_pwm_measure2_read: 19997Hz 75.0%
919,2026-04-19T14:03:12.357097+08:00,918.165,19997,75.0,> cmd_pwm_measure2_read: 19997Hz 75.0%
920,2026-04-19T14:03:13.360241+08:00,919.168,19997,75.0,> cmd_pwm_measure2_read: 19997Hz 75.0%
921,2026-04-19T14:03:14.358104+08:00,920.166,19997,75.0,> cmd_pwm_measure2_read: 19997Hz 75.0%
922,2026-04-19T14:03:15.360260+08:00,921.168,19997,75.0,> cmd_pwm_measure2_read: 19997Hz 75.0%
923,2026-04-19T14:03:16.360262+08:00,922.168,19997,75.0,> cmd_pwm_measure2_read: 19997Hz 75.0%
924,2026-04-19T14:03:17.358340+08:00,923.165,19997,75.0,> cmd_pwm_measure2_read: 19997Hz 75.0%
925,2026-04-19T14:03:18.357248+08:00,924.165,19997,75.0,> cmd_pwm_measure2_read: 19997Hz 75.0%
926,2026-04-19T14:03:19.356367+08:00,925.164,19997,75.0,> cmd_pwm_measure2_read: 19997Hz 75.0%
927,2026-04-19T14:03:20.356633+08:00,926.165,19997,75.0,> cmd_pwm_measure2_read: 19997Hz 75.0%
928,2026-04-19T14:03:21.356470+08:00,927.164,19997,75.0,> cmd_pwm_measure2_read: 19997Hz 75.0%
929,2026-04-19T14:03:22.355666+08:00,928.164,19997,75.0,> cmd_pwm_measure2_read: 19997Hz 75.0%
930,2026-04-19T14:03:23.355923+08:00,929.163,19997,75.0,> cmd_pwm_measure2_read: 19997Hz 75.0%
931,2026-04-19T14:03:24.360326+08:00,930.168,19997,75.0,> cmd_pwm_measure2_read: 19997Hz 75.0%
932,2026-04-19T14:03:25.360310+08:00,931.168,19997,75.0,> cmd_pwm_measure2_read: 19997Hz 75.0%
933,2026-04-19T14:03:26.357124+08:00,932.164,19997,75.0,> cmd_pwm_measure2_read: 19997Hz 75.0%
934,2026-04-19T14:03:27.360336+08:00,933.168,19997,75.0,> cmd_pwm_measure2_read: 19997Hz 75.0%
935,2026-04-19T14:03:28.360036+08:00,934.167,19997,75.0,> cmd_pwm_measure2_read: 19997Hz 75.0%
936,2026-04-19T14:03:29.360084+08:00,935.168,19997,75.0,> cmd_pwm_measure2_read: 19997Hz 75.0%
937,2026-04-19T14:03:30.360360+08:00,936.168,19997,75.0,> cmd_pwm_measure2_read: 19997Hz 75.0%
938,2026-04-19T14:03:31.356679+08:00,937.165,19997,75.0,> cmd_pwm_measure2_read: 19997Hz 75.0%
939,2026-04-19T14:03:32.356212+08:00,938.164,19997,75.0,> cmd_pwm_measure2_read: 19997Hz 75.0%
940,2026-04-19T14:03:33.355525+08:00,939.163,19997,75.0,> cmd_pwm_measure2_read: 19997Hz 75.0%
941,2026-04-19T14:03:34.355491+08:00,940.163,19997,75.0,> cmd_pwm_measure2_read: 19997Hz 75.0%
942,2026-04-19T14:03:35.357946+08:00,941.166,19997,75.0,> cmd_pwm_measure2_read: 19997Hz 75.0%
943,2026-04-19T14:03:36.358986+08:00,942.167,19997,75.0,> cmd_pwm_measure2_read: 19997Hz 75.0%
944,2026-04-19T14:03:37.358545+08:00,943.166,19997,75.0,> cmd_pwm_measure2_read: 19997Hz 75.0%
945,2026-04-19T14:03:38.357773+08:00,944.166,19997,75.0,> cmd_pwm_measure2_read: 19997Hz 75.0%
946,2026-04-19T14:03:39.355451+08:00,945.163,19997,75.0,> cmd_pwm_measure2_read: 19997Hz 75.0%
947,2026-04-19T14:03:40.356851+08:00,946.165,19997,75.0,> cmd_pwm_measure2_read: 19997Hz 75.0%
948,2026-04-19T14:03:41.357595+08:00,947.165,19997,75.0,> cmd_pwm_measure2_read: 19997Hz 75.0%
949,2026-04-19T14:03:42.355840+08:00,948.163,19997,75.0,> cmd_pwm_measure2_read: 19997Hz 75.0%
950,2026-04-19T14:03:43.357406+08:00,949.165,19997,75.0,> cmd_pwm_measure2_read: 19997Hz 75.0%
951,2026-04-19T14:03:44.357743+08:00,950.165,19997,75.0,> cmd_pwm_measure2_read: 19997Hz 75.0%
952,2026-04-19T14:03:45.356910+08:00,951.164,19997,75.0,> cmd_pwm_measure2_read: 19997Hz 75.0%
953,2026-04-19T14:03:46.358313+08:00,952.166,19997,75.0,> cmd_pwm_measure2_read: 19997Hz 75.0%
954,2026-04-19T14:03:47.355850+08:00,953.163,19997,75.0,> cmd_pwm_measure2_read: 19997Hz 75.0%
955,2026-04-19T14:03:48.356114+08:00,954.164,19997,75.0,> cmd_pwm_measure2_read: 19997Hz 75.0%
956,2026-04-19T14:03:49.360452+08:00,955.168,19997,75.0,> cmd_pwm_measure2_read: 19997Hz 75.0%
957,2026-04-19T14:03:50.358731+08:00,956.167,19997,75.0,> cmd_pwm_measure2_read: 19997Hz 75.0%
958,2026-04-19T14:03:51.355476+08:00,957.163,19997,75.0,> cmd_pwm_measure2_read: 19997Hz 75.0%
959,2026-04-19T14:03:52.356063+08:00,958.164,19997,75.0,> cmd_pwm_measure2_read: 19997Hz 75.0%
960,2026-04-19T14:03:53.357088+08:00,959.166,19997,75.0,> cmd_pwm_measure2_read: 19997Hz 75.0%
961,2026-04-19T14:03:54.356739+08:00,960.165,19997,75.0,> cmd_pwm_measure2_read: 19997Hz 75.0%
962,2026-04-19T14:03:55.357797+08:00,961.166,19997,75.0,> cmd_pwm_measure2_read: 19997Hz 75.0%
963,2026-04-19T14:03:56.356024+08:00,962.163,19997,75.0,> cmd_pwm_measure2_read: 19997Hz 75.0%
964,2026-04-19T14:03:57.355490+08:00,963.163,19997,75.0,> cmd_pwm_measure2_read: 19997Hz 75.0%
965,2026-04-19T14:03:58.359572+08:00,964.167,19997,75.0,> cmd_pwm_measure2_read: 19997Hz 75.0%
966,2026-04-19T14:03:59.357224+08:00,965.164,19997,75.0,> cmd_pwm_measure2_read: 19997Hz 75.0%
967,2026-04-19T14:04:00.359692+08:00,966.167,19997,75.0,> cmd_pwm_measure2_read: 19997Hz 75.0%
968,2026-04-19T14:04:01.356035+08:00,967.163,19997,75.0,> cmd_pwm_measure2_read: 19997Hz 75.0%
969,2026-04-19T14:04:02.356589+08:00,968.164,19997,75.0,> cmd_pwm_measure2_read: 19997Hz 75.0%
970,2026-04-19T14:04:03.356075+08:00,969.163,19997,75.0,> cmd_pwm_measure2_read: 19997Hz 75.0%
971,2026-04-19T14:04:04.358424+08:00,970.166,19997,75.0,> cmd_pwm_measure2_read: 19997Hz 75.0%
972,2026-04-19T14:04:05.357415+08:00,971.165,19997,75.0,> cmd_pwm_measure2_read: 19997Hz 75.0%
973,2026-04-19T14:04:06.357894+08:00,972.165,19997,75.0,> cmd_pwm_measure2_read: 19997Hz 75.0%
974,2026-04-19T14:04:07.359312+08:00,973.166,19997,75.0,> cmd_pwm_measure2_read: 19997Hz 75.0%
975,2026-04-19T14:04:08.359044+08:00,974.166,19997,75.0,> cmd_pwm_measure2_read: 19997Hz 75.0%
976,2026-04-19T14:04:09.359769+08:00,975.167,19997,75.0,> cmd_pwm_measure2_read: 19997Hz 75.0%
977,2026-04-19T14:04:10.357336+08:00,976.165,19997,75.0,> cmd_pwm_measure2_read: 19997Hz 75.0%
978,2026-04-19T14:04:11.356760+08:00,977.166,19997,75.0,> cmd_pwm_measure2_read: 19997Hz 75.0%
979,2026-04-19T14:04:12.356631+08:00,978.165,19997,75.0,> cmd_pwm_measure2_read: 19997Hz 75.0%
980,2026-04-19T14:04:13.356720+08:00,979.165,19997,75.0,> cmd_pwm_measure2_read: 19997Hz 75.0%
981,2026-04-19T14:04:14.356648+08:00,980.165,19997,75.0,> cmd_pwm_measure2_read: 19997Hz 75.0%
982,2026-04-19T14:04:15.357861+08:00,981.165,19997,75.0,> cmd_pwm_measure2_read: 19997Hz 75.0%
983,2026-04-19T14:04:16.358041+08:00,982.165,19997,75.0,> cmd_pwm_measure2_read: 19997Hz 75.0%
984,2026-04-19T14:04:17.360584+08:00,983.169,19997,75.0,> cmd_pwm_measure2_read: 19997Hz 75.0%
985,2026-04-19T14:04:18.356982+08:00,984.164,19997,75.0,> cmd_pwm_measure2_read: 19997Hz 75.0%
986,2026-04-19T14:04:19.356260+08:00,985.163,19997,75.0,> cmd_pwm_measure2_read: 19997Hz 75.0%
987,2026-04-19T14:04:20.356915+08:00,986.164,19997,75.0,> cmd_pwm_measure2_read: 19997Hz 75.0%
988,2026-04-19T14:04:21.359376+08:00,987.167,19997,75.0,> cmd_pwm_measure2_read: 19997Hz 75.0%
989,2026-04-19T14:04:22.359501+08:00,988.167,19997,75.0,> cmd_pwm_measure2_read: 19997Hz 75.0%
990,2026-04-19T14:04:23.357472+08:00,989.165,19997,75.0,> cmd_pwm_measure2_read: 19997Hz 75.0%
991,2026-04-19T14:04:24.360622+08:00,990.167,19997,75.0,> cmd_pwm_measure2_read: 19997Hz 75.0%
992,2026-04-19T14:04:25.357926+08:00,991.165,19997,75.0,> cmd_pwm_measure2_read: 19997Hz 75.0%
993,2026-04-19T14:04:26.356852+08:00,992.163,19997,75.0,> cmd_pwm_measure2_read: 19997Hz 75.0%
994,2026-04-19T14:04:27.359781+08:00,993.167,19997,75.0,> cmd_pwm_measure2_read: 19997Hz 75.0%
995,2026-04-19T14:04:28.359391+08:00,994.167,19997,75.0,> cmd_pwm_measure2_read: 19997Hz 75.0%
996,2026-04-19T14:04:29.358832+08:00,995.166,19997,75.0,> cmd_pwm_measure2_read: 19997Hz 75.0%
997,2026-04-19T14:04:30.356542+08:00,996.164,19997,75.0,> cmd_pwm_measure2_read: 19997Hz 75.0%
998,2026-04-19T14:04:31.357521+08:00,997.164,19997,75.0,> cmd_pwm_measure2_read: 19997Hz 75.0%
999,2026-04-19T14:04:32.359937+08:00,998.167,19997,75.0,> cmd_pwm_measure2_read: 19997Hz 75.0%
1000,2026-04-19T14:04:33.357032+08:00,999.165,19997,75.0,> cmd_pwm_measure2_read: 19997Hz 75.0%
